row_id,n_tokens,suffix3,FREQ,FREQ_split,records_removed,LAST_YEAR,LAST_YEAR_split
1,1,bas,2,1,1,2025,2022
2,1,lah,2,1,1,2024,2021
3,2,zis,15,14,1,2025,2022
4,2,ziz,25,24,1,2025,2022
5,2,adi,5,4,1,2025,2019
6,2,ief,6,5,1,2024,2018
7,2,tif,6,5,1,2024,2019
8,2,man,9,8,1,2025,2020
9,2,lah,2,1,1,2024,1999
10,2,jar,2,1,1,2024,2007
11,2,zan,5,4,1,2024,2017
12,2,aki,3,2,1,2024,2009
13,1,dam,2,1,1,2024,2014
14,2,ana,5,4,1,2024,2016
15,2,aha,3,2,1,2025,2013
16,2,yah,2,1,1,2024,2021
17,3,ani,2,1,1,2024,2019
18,3,ani,2,1,1,2025,2022
19,2,nto,5,4,1,2025,2016
20,2,wan,14,13,1,2025,2014
21,2,oho,11,10,1,2024,2022
22,3,ama,2,1,1,2024,2011
23,2,yah,2,1,1,2024,2022
24,3,aji,2,1,1,2024,2021
25,1,tya,11,10,1,2024,2016
26,3,ana,2,1,1,2024,2001
27,2,wan,4,3,1,2024,2011
28,2,ian,2,1,1,2025,2016
29,2,tra,8,6,2,2024,2021
30,3,oho,2,1,1,2024,2001
31,2,sna,2,1,1,2024,2018
32,2,ana,4,2,2,2025,2022
33,2,hra,2,1,1,2024,2022
34,2,fik,2,1,1,2024,2021
35,4,aya,2,1,1,2024,2023
36,2,yat,2,1,1,2025,2018
37,2,aha,7,6,1,2025,2017
38,2,oho,26,25,1,2024,2016
39,2,nto,2,1,1,2024,2019
40,1,ina,5,4,1,2024,2016
41,2,ari,3,2,1,2025,2011
42,2,aiz,4,3,1,2024,2015
43,2,qih,3,2,1,2024,2017
44,2,oni,5,4,1,2025,2009
45,3,tra,2,1,1,2024,2019
46,2,aus,9,8,1,2025,2011
47,2,yah,5,4,1,2025,2005
48,2,fan,3,2,1,2024,2006
49,2,wan,6,5,1,2024,2020
50,2,tfi,9,8,1,2025,2013
51,3,zan,2,1,1,2025,2022
52,2,zal,6,5,1,2024,2009
53,2,suf,3,2,1,2025,2016
54,2,aki,2,1,1,2025,1997
55,2,kri,2,1,1,2024,2009
56,3,ani,2,1,1,2025,2021
57,1,yah,9,7,2,2025,2022
58,3,zki,2,1,1,2024,2021
59,2,han,4,3,1,2025,2014
60,3,han,2,1,1,2025,2018
61,2,zan,4,3,1,2024,2021
62,2,udi,2,1,1,2025,2022
63,2,ana,4,2,2,2025,2013
64,2,tyo,4,3,1,2024,2017
65,2,yah,2,1,1,2024,2023
66,2,nto,2,1,1,2025,2023
67,2,ila,2,1,1,2024,2020
68,3,jri,2,1,1,2024,2023
69,2,ini,2,1,1,2025,2023
70,2,nah,2,1,1,2024,2022
71,1,yah,4,3,1,2024,2018
72,2,let,2,1,1,2024,2019
73,2,iza,3,2,1,2024,2020
74,2,ila,4,2,2,2024,2023
75,2,tri,2,1,1,2024,2002
76,2,nti,2,1,1,2025,2012
77,1,lia,15,14,1,2024,2022
78,2,tin,3,2,1,2025,2022
79,3,ari,2,1,1,2025,2018
80,2,tri,4,2,2,2025,2023
81,3,ari,2,1,1,2024,2020
82,1,mar,3,2,1,2024,2016
83,4,mto,2,1,1,2024,2021
84,2,isa,2,1,1,2025,2018
85,2,han,2,1,1,2024,2012
86,2,ana,2,1,1,2024,2014
87,2,aha,2,1,1,2025,2009
88,2,tyo,2,1,1,2025,2013
89,3,ama,2,1,1,2024,2022
90,3,nti,2,1,1,2024,2021
91,3,tra,2,1,1,2025,2013
92,2,ama,9,8,1,2025,2021
93,2,wan,3,2,1,2024,2012
94,3,ama,2,1,1,2024,2019
95,2,ana,2,1,1,2024,2020
96,3,pea,2,1,1,2024,2018
97,2,aya,2,1,1,2024,2022
98,3,tra,2,1,1,2025,2018
99,2,ana,2,1,1,2025,2022
100,3,rni,2,1,1,2024,2021
101,2,ita,2,1,1,2024,2021
102,2,tri,2,1,1,2024,2015
103,1,yah,3,2,1,2024,2011
104,3,aya,2,1,1,2024,2019
105,5,rat,2,1,1,2025,2022
106,2,yah,2,1,1,2024,2008
107,2,yah,2,1,1,2025,2009
108,1,yah,51,50,1,2025,2023
109,2,wan,5,4,1,2024,2014
110,2,ari,2,1,1,2025,2019
111,2,ono,6,5,1,2024,2018
112,2,yah,2,1,1,2024,2009
113,2,wan,2,1,1,2024,2009
114,3,kim,11,9,2,2025,2015
115,3,ndi,2,1,1,2024,2021
116,2,nto,2,1,1,2025,2002
117,3,aus,2,1,1,2025,2021
118,2,adi,2,1,1,2025,2022
119,3,ama,3,2,1,2025,2021
120,4,iar,2,1,1,2024,2021
121,2,ila,2,1,1,2025,2010
122,2,man,12,11,1,2025,2018
123,2,ari,2,1,1,2024,2021
124,2,ila,2,1,1,2025,2022
125,4,adi,2,1,1,2024,2021
126,2,ini,2,1,1,2024,2020
127,3,nni,2,1,1,2024,2019
128,2,yah,2,1,1,2024,2020
129,2,tri,2,1,1,2024,2007
130,2,ira,3,2,1,2025,2019
131,2,ari,7,6,1,2025,2013
132,1,zah,3,2,1,2024,2013
133,1,war,2,1,1,2025,2001
134,3,gyo,2,1,1,2025,2020
135,2,tya,3,2,1,2024,2020
136,2,tra,2,1,1,2025,2019
137,2,ono,3,2,1,2024,2006
138,2,wan,3,2,1,2025,2012
139,2,ani,2,1,1,2024,2021
140,2,uma,3,2,1,2024,2008
141,2,wan,3,2,1,2025,2012
142,2,ana,3,2,1,2024,2011
143,2,tya,2,1,1,2025,2006
144,2,tra,3,2,1,2024,2004
145,3,tri,2,1,1,2025,2022
146,2,han,3,1,2,2025,2023
147,2,wan,9,8,1,2025,2013
148,2,omo,2,1,1,2024,2008
149,2,lia,2,1,1,2025,2014
150,3,ari,2,1,1,2024,2021
151,3,sih,2,1,1,2025,2022
152,2,hra,2,1,1,2025,2022
153,3,ata,2,1,1,2025,2019
154,1,lia,2,1,1,2025,2022
155,1,isa,7,6,1,2024,2021
156,3,adi,2,1,1,2025,2022
157,2,wan,5,4,1,2024,2013
158,2,uma,4,3,1,2024,2010
159,3,ela,2,1,1,2024,2020
160,2,lia,2,1,1,2025,2023
161,3,ini,2,1,1,2024,2021
162,2,ari,2,1,1,2024,2012
163,4,ief,2,1,1,2024,2023
164,2,yah,3,2,1,2025,2019
165,1,iel,19,18,1,2024,2022
166,2,wan,2,1,1,2024,2009
167,1,win,5,3,2,2024,2009
168,1,vid,14,13,1,2024,2022
169,2,ayu,2,1,1,2024,2021
170,3,ida,2,1,1,2025,2022
171,2,wan,4,3,1,2025,2014
172,2,ari,8,7,1,2024,2021
173,2,wan,2,1,1,2025,2016
174,2,ari,5,4,1,2024,2023
175,2,ari,2,1,1,2025,2020
176,2,ani,2,1,1,2025,2021
177,2,ina,4,3,1,2025,2016
178,2,eni,7,6,1,2024,2011
179,2,ari,8,7,1,2024,2014
180,2,ani,2,1,1,2024,2012
181,3,ari,3,2,1,2024,2006
182,2,ari,5,4,1,2024,2014
183,3,oso,2,1,1,2024,2022
184,3,oso,2,1,1,2024,2020
185,4,tri,2,1,1,2024,2021
186,2,ini,13,12,1,2024,2020
187,2,ani,3,2,1,2025,1999
188,2,tri,2,1,1,2025,2006
189,2,ika,2,1,1,2025,2022
190,2,ana,6,5,1,2024,2019
191,2,ana,2,1,1,2025,2008
192,2,ati,2,1,1,2025,2023
193,3,ama,2,1,1,2025,2018
194,2,yah,2,1,1,2025,2022
195,3,tya,3,2,1,2025,2008
196,3,tro,2,1,1,2025,2005
197,3,via,2,1,1,2024,2021
198,3,ono,2,1,1,2025,2022
199,2,tio,3,2,1,2025,2021
200,2,tyo,15,12,3,2025,2022
201,2,ama,2,1,1,2024,2004
202,2,tra,6,4,2,2025,2018
203,3,adi,2,1,1,2025,2023
204,2,lia,4,3,1,2024,2014
205,2,nti,2,1,1,2025,2022
206,2,ari,4,3,1,2024,2016
207,4,tri,2,1,1,2025,2022
208,2,ani,2,1,1,2024,2021
209,3,ini,2,1,1,2024,2019
210,3,iwi,2,1,1,2024,2010
211,2,wan,7,6,1,2024,2015
212,2,lin,2,1,1,2025,2023
213,3,sih,2,1,1,2024,2021
214,2,wan,6,5,1,2024,2019
215,2,ani,2,1,1,2024,2007
216,2,wan,3,2,1,2025,2022
217,2,uni,2,1,1,2024,2002
218,2,nti,4,3,1,2024,2009
219,2,nto,5,4,1,2025,2003
220,1,isa,3,2,1,2025,2015
221,3,roh,2,1,1,2024,2021
222,1,ika,4,3,1,2024,2020
223,1,win,14,13,1,2025,2010
224,3,rum,2,1,1,2025,2020
225,2,ali,2,1,1,2024,2022
226,1,hry,4,3,1,2024,2009
227,2,ian,2,1,1,2025,2011
228,3,ram,2,1,1,2024,2011
229,2,bar,2,1,1,2024,2012
230,2,rok,2,1,1,2025,2014
231,2,bar,2,1,1,2025,2019
232,1,sal,29,28,1,2024,2023
233,2,mad,3,2,1,2025,2003
234,3,ipa,3,2,1,2024,2021
235,2,man,6,5,1,2024,2016
236,3,dra,2,1,1,2024,2021
237,3,zam,2,1,1,2025,2018
238,2,lia,2,1,1,2025,2018
239,2,aqi,2,1,1,2024,2022
240,2,ana,6,5,1,2025,2023
241,2,aha,3,2,1,2024,2023
242,2,han,4,3,1,2025,2019
243,1,yah,4,3,1,2024,2010
244,2,ail,2,1,1,2024,2022
245,3,tri,2,1,1,2024,2021
246,3,sar,2,1,1,2025,2020
247,2,haq,2,1,1,2025,2022
248,3,oho,3,2,1,2024,2022
249,1,man,4,3,1,2025,2022
250,1,mah,12,11,1,2025,2013
251,2,hra,15,10,5,2024,2022
252,2,han,4,3,1,2024,2021
253,2,yah,2,1,1,2024,2022
254,2,ila,2,1,1,2024,2021
255,1,cia,2,1,1,2025,2013
256,1,yah,19,18,1,2024,2019
257,3,ati,2,1,1,2024,2021
258,1,kri,7,6,1,2024,2021
259,2,aya,2,1,1,2024,2021
260,3,tri,2,1,1,2024,2021
261,2,rah,2,1,1,2024,2001
262,2,yat,10,9,1,2025,2022
263,2,lia,4,2,2,2024,2021
264,2,isa,2,1,1,2024,2021
265,1,sca,4,3,1,2024,2009
266,2,tio,2,1,1,2025,2013
267,2,thy,2,1,1,2024,2021
268,3,sal,2,1,1,2025,2021
269,2,ila,2,1,1,2025,2020
270,3,tra,2,1,1,2024,2007
271,2,han,21,20,1,2024,2023
272,2,lia,2,1,1,2024,2023
273,2,ani,3,2,1,2024,2023
274,3,yku,2,1,1,2024,2021
275,2,tra,2,1,1,2024,2000
276,2,ama,4,3,1,2024,2017
277,2,ika,2,1,1,2025,2023
278,1,mah,7,6,1,2024,2019
279,2,iah,2,1,1,2025,2014
280,2,ama,2,1,1,2025,2003
281,3,ibu,2,1,1,2024,2018
282,2,ila,3,2,1,2025,2019
283,1,ina,18,17,1,2025,2018
284,2,ndi,2,1,1,2024,2021
285,1,yat,13,12,1,2025,2011
286,1,ain,2,1,1,2024,2009
287,2,ila,2,1,1,2024,2023
288,2,lah,2,1,1,2024,2017
289,2,han,6,3,3,2024,2019
290,1,len,2,1,1,2024,2019
291,2,yah,3,2,1,2025,2014
292,2,lah,5,4,1,2024,2019
293,2,wan,3,2,1,2024,2020
294,2,ama,4,3,1,2024,2018
295,2,ono,2,1,1,2024,2013
296,2,lia,2,1,1,2025,2013
297,2,ari,13,12,1,2024,2022
298,3,ari,4,3,1,2025,2017
299,2,uni,3,2,1,2024,2010
300,2,ani,2,1,1,2024,2017
301,2,ana,8,7,1,2024,2020
302,2,ana,10,9,1,2024,2023
303,2,han,3,2,1,2025,2023
304,3,ani,2,1,1,2024,2021
305,2,tri,2,1,1,2025,2006
306,3,mid,2,1,1,2024,2021
307,2,ini,5,2,3,2024,2023
308,2,uzi,7,6,1,2024,2014
309,2,ana,16,15,1,2024,2023
310,2,aya,2,1,1,2024,2010
311,2,ayu,2,1,1,2024,2007
312,1,ati,9,8,1,2025,2017
313,1,yah,14,13,1,2024,2012
314,3,tri,2,1,1,2024,2019
315,2,wan,2,1,1,2024,2005
316,2,zah,2,1,1,2024,2013
317,1,mah,7,6,1,2025,2021
318,2,ana,2,1,1,2024,2021
319,1,lah,5,4,1,2025,2013
320,3,ari,2,1,1,2025,2022
321,1,fri,9,8,1,2025,2008
322,2,ila,2,1,1,2024,2017
323,3,han,2,1,1,2024,2023
324,3,evi,2,1,1,2024,2020
325,2,ani,2,1,1,2025,2022
326,1,ika,10,9,1,2024,2015
327,1,rin,2,1,1,2024,2021
328,1,vin,7,6,1,2024,2017
329,2,wan,4,3,1,2025,2023
330,2,nto,2,1,1,2024,2023
331,2,ila,2,1,1,2025,2022
332,2,zal,2,1,1,2025,2015
333,1,isa,23,19,4,2024,2023
334,4,aha,2,1,1,2024,2023
335,2,tra,3,2,1,2024,2012
336,2,war,7,6,1,2024,2019
337,2,mah,11,10,1,2024,2016
338,1,sih,8,7,1,2025,2014
339,2,din,2,1,1,2024,2020
340,3,eda,2,1,1,2024,2021
341,4,tri,2,1,1,2025,2022
342,1,ura,2,1,1,2025,2000
343,3,nso,2,1,1,2024,2022
344,2,ati,2,1,1,2024,2009
345,2,kim,5,4,1,2025,2015
346,2,kim,4,3,1,2025,2008
347,1,iah,2,1,1,2024,1999
348,3,hly,2,1,1,2024,2014
349,3,ida,2,1,1,2024,2021
350,4,loh,2,1,1,2024,2021
351,2,ena,4,3,1,2024,2010
352,2,lfa,12,11,1,2024,2016
353,1,isa,5,4,1,2024,2018
354,2,fia,2,1,1,2024,2019
355,1,ana,18,17,1,2025,2022
356,2,din,2,1,1,2025,2015
357,2,suf,15,14,1,2024,2023
358,2,ani,2,1,1,2025,2020
359,3,ira,2,1,1,2024,2021
360,2,lim,2,1,1,2024,2011
361,2,nah,2,1,1,2024,2011
362,2,uda,7,6,1,2025,2022
363,2,nah,12,11,1,2024,2023
364,2,ina,2,1,1,2024,2011
365,2,zqi,2,1,1,2025,2000
366,5,ana,2,1,1,2024,2021
367,2,aqi,2,1,1,2024,2014
368,2,afi,3,1,2,2025,2011
369,3,rco,2,1,1,2025,2022
370,2,nto,2,1,1,2025,2002
371,3,han,2,1,1,2025,2023
372,2,dil,2,1,1,2024,2022
373,2,dli,5,4,1,2025,2021
374,2,sal,4,3,1,2024,2011
375,2,jri,3,2,1,2025,2021
376,2,uzi,5,4,1,2024,2016
377,2,aus,3,2,1,2025,2020
378,2,nif,2,1,1,2025,2016
379,2,bal,9,8,1,2025,2014
380,3,han,2,1,1,2024,2020
381,2,afi,2,1,1,2025,2021
382,2,fif,2,1,1,2024,2019
383,2,han,5,4,1,2025,2022
384,2,ani,5,3,2,2024,2020
385,2,iza,2,1,1,2024,2001
386,2,zki,10,9,1,2024,2022
387,3,ama,2,1,1,2024,2020
388,2,zky,9,6,3,2025,2023
389,3,ama,2,1,1,2025,2014
390,3,han,2,1,1,2024,2016
391,2,sih,2,1,1,2024,2001
392,1,mad,9,8,1,2025,2021
393,2,dam,6,5,1,2025,2021
394,2,yan,2,1,1,2024,2021
395,2,ndi,2,1,1,2024,2003
396,2,bar,19,17,2,2024,2023
397,3,izi,2,1,1,2024,2021
398,2,jri,2,1,1,2024,2019
399,3,rin,3,2,1,2025,2023
400,2,lif,3,2,1,2025,2023
401,3,yah,2,1,1,2024,2020
402,3,lal,2,1,1,2024,2021
403,2,har,6,5,1,2024,2023
404,2,qir,2,1,1,2024,2017
405,2,ffa,5,2,3,2025,2021
406,3,aya,2,1,1,2024,2023
407,3,lah,3,2,1,2025,2022
408,3,tyo,3,2,1,2025,2013
409,2,aki,4,3,1,2024,2016
410,2,aky,4,3,1,2024,2022
411,3,han,2,1,1,2024,2022
412,2,hri,7,5,2,2025,2021
413,3,han,2,1,1,2025,2019
414,3,bar,2,1,1,2024,2018
415,2,lah,3,2,1,2025,2016
416,2,lah,3,2,1,2025,2023
417,2,hli,3,2,1,2024,2019
418,2,lah,2,1,1,2025,2019
419,2,hly,2,1,1,2025,2016
420,2,dil,5,4,1,2025,2016
421,2,lan,4,3,1,2024,2021
422,2,dli,14,12,2,2024,2021
423,2,dly,6,5,1,2025,2020
424,2,hmi,12,11,1,2024,2018
425,2,eza,6,5,1,2025,2023
426,2,sal,17,15,2,2025,2022
427,3,han,3,2,1,2025,2019
428,4,omo,2,1,1,2025,2021
429,2,aiz,7,5,2,2024,2022
430,3,bar,2,1,1,2024,2016
431,2,jri,10,8,2,2025,2018
432,2,hri,5,4,1,2024,2019
433,2,qih,8,7,1,2024,2022
434,2,rel,2,1,1,2024,2018
435,2,han,44,40,4,2025,2023
436,3,ana,3,2,1,2025,2022
437,2,rid,8,7,1,2024,2020
438,3,bar,2,1,1,2025,2017
439,2,han,4,3,1,2025,2023
440,3,bar,2,1,1,2025,2022
441,3,ina,3,1,2,2024,2017
442,4,izd,2,1,1,2025,2023
443,2,man,5,4,1,2025,2023
444,2,tih,3,2,1,2024,2022
445,2,zan,20,18,2,2025,2023
446,3,mil,2,1,1,2024,2021
447,2,aus,19,18,1,2025,2022
448,2,yah,10,8,2,2025,2021
449,3,dan,2,1,1,2025,2022
450,3,han,7,5,2,2025,2023
451,2,wan,4,3,1,2025,2015
452,2,kal,7,6,1,2024,2023
453,2,fiz,7,5,2,2025,2014
454,2,izh,7,6,1,2025,2023
455,3,fal,2,1,1,2024,2022
456,2,dar,2,1,1,2024,2014
457,2,kal,8,7,1,2024,2023
458,2,nif,5,4,1,2025,2015
459,3,kal,2,1,1,2024,2021
460,2,ham,2,1,1,2025,2013
461,3,ama,2,1,1,2024,2016
462,3,siz,2,1,1,2024,2021
463,2,bal,84,82,2,2024,2023
464,3,tra,2,1,1,2025,2019
465,2,fan,32,31,1,2025,2022
466,3,ana,5,3,2,2025,2019
467,2,yah,4,3,1,2024,2019
468,3,wud,2,1,1,2024,2019
469,2,hfi,7,6,1,2024,2021
470,2,afi,4,3,1,2024,2019
471,2,lah,2,1,1,2024,2014
472,4,fat,2,1,1,2025,2020
473,2,ana,9,7,2,2025,2022
474,2,bil,3,1,2,2024,2019
475,3,aky,2,1,1,2024,2019
476,3,aus,2,1,1,2024,2019
477,3,yat,2,1,1,2025,2020
478,3,ani,2,1,1,2024,2021
479,3,lah,2,1,1,2024,2019
480,3,yah,2,1,1,2025,2013
481,3,dli,2,1,1,2024,2017
482,3,san,2,1,1,2025,2015
483,2,ffi,2,1,1,2025,2021
484,3,ama,2,1,1,2025,2015
485,2,afi,14,9,5,2025,2022
486,3,bar,2,1,1,2024,2022
487,3,ari,2,1,1,2025,2021
488,4,iri,2,1,1,2024,2022
489,3,ana,2,1,1,2025,2020
490,3,oho,2,1,1,2024,2017
491,2,fli,13,10,3,2025,2022
492,3,izi,2,1,1,2024,2019
493,3,ama,3,2,1,2025,2023
494,2,fly,7,5,2,2025,2023
495,2,ani,3,2,1,2024,2016
496,2,han,21,19,2,2025,2023
497,3,bar,5,3,2,2025,2020
498,3,afi,2,1,1,2025,2019
499,3,tra,2,1,1,2025,2019
500,2,han,3,2,1,2025,2013
501,2,sya,3,1,2,2025,2023
502,2,yid,3,2,1,2025,2023
503,2,han,13,9,4,2024,2022
504,3,evi,9,7,2,2025,2023
505,3,ana,3,2,1,2025,2015
506,3,wan,2,1,1,2024,2013
507,3,tra,2,1,1,2024,2016
508,2,dho,13,11,2,2025,2022
509,3,ama,3,2,1,2025,2022
510,2,wan,4,3,1,2024,2019
511,2,wan,41,38,3,2025,2023
512,2,fqi,12,10,2,2025,2023
513,2,zal,11,10,1,2024,2019
514,2,ldi,2,1,1,2024,2023
515,2,ldo,2,1,1,2024,2013
516,2,zki,29,25,4,2025,2023
517,3,ana,3,2,1,2025,2019
518,3,han,7,6,1,2025,2019
519,2,zky,33,31,2,2025,2023
520,3,lah,2,1,1,2024,2022
521,4,ruq,2,1,1,2024,2023
522,3,ana,4,3,1,2025,2020
523,3,ama,6,5,1,2024,2022
524,4,aka,2,1,1,2024,2023
525,2,ofi,5,4,1,2024,2021
526,3,rba,2,1,1,2024,2021
527,2,zan,3,2,1,2024,2008
528,2,dam,2,1,1,2025,2019
529,3,aya,2,1,1,2024,2021
530,3,ffa,2,1,1,2025,2021
531,3,lah,2,1,1,2025,2020
532,2,rul,2,1,1,2025,2011
533,3,han,4,3,1,2025,2016
534,2,fiq,8,7,1,2024,2020
535,2,zid,4,3,1,2024,2018
536,3,ama,3,2,1,2025,2020
537,3,ari,2,1,1,2025,2022
538,3,wan,2,1,1,2024,2005
539,2,aki,8,7,1,2025,2023
540,2,aky,2,1,1,2024,2012
541,2,air,2,1,1,2025,2015
542,1,adi,25,24,1,2025,2016
543,3,ari,2,1,1,2024,2021
544,1,afa,4,3,1,2024,2010
545,2,ewi,3,2,1,2024,2021
546,1,nah,5,4,1,2025,2022
547,1,nah,2,1,1,2025,2013
548,3,hil,2,1,1,2025,2020
549,2,tra,2,1,1,2024,2015
550,2,fah,2,1,1,2025,2015
551,3,tri,2,1,1,2024,2021
552,3,ani,2,1,1,2025,2023
553,2,ana,3,1,2,2025,2022
554,2,isa,3,2,1,2024,2023
555,2,ani,2,1,1,2024,2019
556,2,ani,3,2,1,2025,2021
557,2,hra,2,1,1,2024,2023
558,3,ari,2,1,1,2024,2021
559,1,dia,10,7,3,2024,2021
560,2,ari,2,1,1,2025,2014
561,2,ila,2,1,1,2025,2021
562,1,yah,2,1,1,2025,2020
563,2,lla,2,1,1,2024,2018
564,2,ila,2,1,1,2025,2023
565,4,man,2,1,1,2024,2021
566,2,ina,2,1,1,2024,2019
567,2,iwi,2,1,1,2025,2015
568,3,ono,2,1,1,2024,2021
569,1,lia,5,4,1,2024,2010
570,3,sla,2,1,1,2025,2022
571,2,ana,3,2,1,2025,2012
572,4,ari,2,1,1,2024,2017
573,2,ini,3,2,1,2025,2021
574,3,nah,2,1,1,2024,2021
575,3,nti,2,1,1,2025,2022
576,1,iko,3,2,1,2024,2019
577,3,ila,2,1,1,2024,2021
578,2,han,2,1,1,2025,2013
579,2,tri,2,1,1,2025,2020
580,3,aya,2,1,1,2025,2020
581,2,eni,2,1,1,2024,2000
582,2,ari,23,22,1,2024,2023
583,2,dah,2,1,1,2025,2016
584,2,ini,5,4,1,2025,2020
585,2,zah,16,13,3,2025,2023
586,2,mah,6,5,1,2024,2022
587,2,ari,2,1,1,2025,2001
588,3,isa,2,1,1,2025,2022
589,1,ida,4,3,1,2025,2008
590,1,ini,19,18,1,2024,2019
591,1,zah,5,4,1,2024,2022
592,1,ila,5,3,2,2025,2023
593,1,nti,5,4,1,2024,2019
594,2,ini,13,12,1,2024,2019
595,2,lia,2,1,1,2024,2019
596,2,zah,4,3,1,2024,2021
597,2,hah,2,1,1,2025,2001
598,2,adi,3,2,1,2025,2014
599,3,ina,2,1,1,2025,2014
600,2,zza,2,1,1,2024,2003
601,2,ida,4,3,1,2024,2018
602,2,yah,3,2,1,2025,2015
603,1,ani,5,4,1,2025,2018
604,1,via,3,2,1,2024,2021
605,3,lni,2,1,1,2025,2021
606,5, fa,2,1,1,2024,2020
607,3,odo,2,1,1,2024,2020
608,2,lia,5,4,1,2024,2021
609,3,uan,2,1,1,2024,2021
610,2,ari,2,1,1,2025,2020
611,2,lia,4,3,1,2024,2023
612,2,lia,2,1,1,2025,2016
613,3,ari,5,4,1,2024,2020
614,2,ana,2,1,1,2024,2013
615,2,ani,8,7,1,2025,2023
616,2,ila,4,3,1,2025,2022
617,2,lla,3,2,1,2025,2018
618,3,yah,2,1,1,2024,2017
619,2,ati,6,4,2,2025,2020
620,2,ila,3,2,1,2024,2021
621,2,ari,11,10,1,2025,2018
622,2,ima,2,1,1,2024,2021
623,2,yah,2,1,1,2025,2014
624,2,ima,2,1,1,2025,2022
625,2,des,2,1,1,2024,2021
626,2,oho,3,2,1,2024,2023
627,1,ael,2,1,1,2025,2013
628,3,ewa,2,1,1,2024,2021
629,3,ama,2,1,1,2024,2018
630,3,ula,2,1,1,2024,2021
631,2,yah,2,1,1,2025,2017
632,2,jri,2,1,1,2025,2012
633,2,yat,7,6,1,2024,2014
634,2,san,2,1,1,2024,2011
635,1,ati,30,29,1,2024,2022
636,2,han,9,6,3,2025,2023
637,3,uyo,2,1,1,2025,2022
638,2,ezi,2,1,1,2024,2023
639,2,san,2,1,1,2025,2022
640,3,gar,2,1,1,2025,2021
641,2,tra,6,5,1,2024,2022
642,1,han,6,5,1,2025,2023
643,3,ama,4,3,1,2024,2013
644,2,han,2,1,1,2025,2013
645,2,tra,4,3,1,2024,2021
646,2,ani,2,1,1,2024,2013
647,2,hra,2,1,1,2024,2021
648,2,ani,5,3,2,2025,2023
649,3,ani,2,1,1,2025,2023
650,2,ndi,2,1,1,2024,2010
651,2,han,2,1,1,2024,2011
652,2,nti,3,2,1,2024,2003
653,3,tra,2,1,1,2024,2014
654,2,ndi,2,1,1,2024,2018
655,2,ini,2,1,1,2024,2008
656,2,yah,2,1,1,2025,2003
657,2,ama,6,5,1,2025,2018
658,4,sty,2,1,1,2024,2021
659,3,tom,2,1,1,2024,2021
660,1,dho,2,1,1,2024,2013
661,2,bar,2,1,1,2025,2010
662,2,han,3,2,1,2024,2022
663,2,lia,2,1,1,2024,2023
664,2,zan,2,1,1,2025,2014
665,2,oho,2,1,1,2024,2013
666,2,lia,3,2,1,2025,2023
667,2,ati,2,1,1,2024,2021
668,2,ian,3,2,1,2025,2005
669,1,ani,2,1,1,2024,2019
670,2,uti,2,1,1,2025,2000
671,2,wan,2,1,1,2024,2022
672,2,tra,3,2,1,2024,2018
673,3,sty,2,1,1,2025,2022
674,1,ati,8,7,1,2024,2019
675,1,nto,10,9,1,2025,2015
676,3,wan,2,1,1,2025,2014
677,2,ana,8,7,1,2024,2020
678,2,tya,6,5,1,2024,2018
679,3,lah,2,1,1,2024,2020
680,2,wan,5,4,1,2025,2020
681,3,ama,5,3,2,2025,2019
682,2,han,19,17,2,2025,2023
683,2,ani,3,2,1,2025,2014
684,2,tra,2,1,1,2025,2014
685,3,aha,2,1,1,2024,2009
686,2,han,4,3,1,2024,2016
687,2,han,2,1,1,2025,2014
688,1,ana,7,6,1,2024,2015
689,1,dah,4,3,1,2024,2017
690,1,ati,7,6,1,2024,2017
691,1,ati,2,1,1,2025,2014
692,2,ana,5,4,1,2025,2018
693,2,han,3,2,1,2024,2018
694,2,ili,2,1,1,2025,2022
695,2,ana,2,1,1,2025,2022
696,2,lia,2,1,1,2025,2020
697,2,ila,2,1,1,2024,2012
698,2,han,2,1,1,2024,2001
699,3,via,2,1,1,2024,2021
700,2,lah,2,1,1,2025,2019
701,2,lla,2,1,1,2025,2018
702,2,ila,2,1,1,2025,2020
703,2,ila,3,2,1,2024,2023
704,3,ila,2,1,1,2025,2023
705,2,ila,2,1,1,2024,2022
706,1,ila,10,9,1,2025,2023
707,2,nia,2,1,1,2025,2022
708,1,lah,4,2,2,2024,2022
709,2,ila,5,4,1,2024,2023
710,1,nti,11,10,1,2025,2021
711,1,rah,6,5,1,2025,2023
712,2,fah,2,1,1,2025,2017
713,3,tri,2,1,1,2024,2016
714,1,rio,4,3,1,2024,2023
715,2,ani,2,1,1,2024,2023
716,1,ati,2,1,1,2024,2008
717,3,nto,2,1,1,2024,2018
718,1,ani,3,2,1,2024,2006
719,2,hra,2,1,1,2025,2021
720,2,ila,3,2,1,2024,2023
721,3,ewi,2,1,1,2024,2021
722,2,rum,2,1,1,2025,2022
723,2,lia,2,1,1,2025,2014
724,1,tya,3,2,1,2024,2018
725,2,ila,2,1,1,2024,2019
726,2,lia,2,1,1,2024,2017
727,3,ani,2,1,1,2024,2021
728,3,tri,2,1,1,2025,2022
729,2,nah,13,11,2,2025,2023
730,2,isa,2,1,1,2025,2010
731,2,jah,4,3,1,2024,2017
732,2,nah,4,3,1,2025,2023
733,2,awa,2,1,1,2024,2001
734,3,tri,2,1,1,2025,2022
735,2,nah,2,1,1,2025,2001
736,3,yah,2,1,1,2024,2017
737,3,zah,5,4,1,2024,2021
738,3,iza,2,1,1,2024,2022
739,2,eha,2,1,1,2025,2007
740,2,hma,2,1,1,2025,2020
741,2,ati,9,8,1,2024,2021
742,2,ati,2,1,1,2025,2019
743,2,lfa,2,1,1,2024,2007
744,3,ari,2,1,1,2024,2014
745,2,ani,15,14,1,2024,2017
746,2,ari,14,13,1,2025,2014
747,2,iwi,3,2,1,2024,2009
748,2,nti,3,2,1,2024,2012
749,2,ani,3,2,1,2025,2012
750,2,oso,4,3,1,2025,2008
751,1,ini,8,7,1,2025,2021
752,2,ani,2,1,1,2025,2021
753,1,ani,3,2,1,2024,2002
754,2,wan,2,1,1,2024,2015
755,3,ati,2,1,1,2024,2021
756,1,rul,5,4,1,2024,2006
757,2,war,13,12,1,2024,2015
758,2,man,3,2,1,2025,2022
759,2,loh,5,4,1,2025,2021
760,1,din,2,1,1,2025,1999
761,2,hra,4,2,2,2025,2023
762,3,lah,2,1,1,2025,2022
763,2,ita,2,1,1,2024,2021
764,3,nti,2,1,1,2025,2021
765,1,fik,7,6,1,2025,2017
766,2,yat,42,41,1,2024,2021
767,2,man,2,1,1,2025,1996
768,2,yat,5,4,1,2024,2012
769,3,nia,2,1,1,2024,2020
770,1,ara,6,4,2,2025,2023
771,2,ani,3,2,1,2024,2021
772,3,ari,3,2,1,2025,2022
773,4,idu,2,1,1,2024,2021
774,2,ami,8,7,1,2024,2021
775,2,ari,13,12,1,2024,2022
776,1,mar,9,8,1,2025,2022
777,3,ora,2,1,1,2025,2018
778,2,nah,15,14,1,2024,2021
779,2,nah,8,6,2,2025,2021
780,3,tri,2,1,1,2024,2021
781,2,ana,2,1,1,2025,2019
782,3,ine,2,1,1,2024,2019
783,2,aty,2,1,1,2025,2022
784,2,ika,3,2,1,2025,2009
785,2,yat,23,22,1,2024,2022
786,4,ama,2,1,1,2025,2022
787,2,tro,3,2,1,2025,2019
788,3,ima,2,1,1,2024,2021
789,2,lah,2,1,1,2024,2020
790,1,dia,2,1,1,2024,2020
791,1,sih,2,1,1,2024,2021
792,1,nti,5,4,1,2024,2005
793,2,uni,2,1,1,2024,2021
794,2,ati,2,1,1,2025,2022
795,2,ash,2,1,1,2024,2017
796,1,nta,2,1,1,2025,2022
797,3,ail,2,1,1,2024,2020
798,3,rba,2,1,1,2024,2021
799,1,oga,2,1,1,2024,2009
800,3,tra,2,1,1,2025,2022
801,2,ama,12,11,1,2025,2021
802,2,ama,2,1,1,2024,2005
803,1,han,2,1,1,2025,2017
804,1,ira,16,15,1,2024,2017
805,2,ati,2,1,1,2024,1999
806,2,ari,11,10,1,2024,2019
807,2,lia,2,1,1,2024,2023
808,2,isa,3,2,1,2025,2023
809,2,ila,4,2,2,2025,2020
810,3,tri,2,1,1,2025,2022
811,2,din,19,18,1,2024,2018
812,3,tta,2,1,1,2024,2021
813,1,rah,2,1,1,2025,2021
