Model,Seed,level,tail4_mass,tail4_uniform,tail4_over_uniform,head4_mass,last_unit_mass,first_unit_mass,centre_of_mass,tail4_with_suffix,tail4_without_suffix
CharBiRNN,42,char,0.26466,0.21417,0.05048,0.21153,0.15342,0.0467,0.51472,0.2621,0.26545
CharBiRNN,7,char,0.27034,0.21417,0.05617,0.18279,0.13976,0.02655,0.53174,0.31644,0.25603
CharBiRNN,123,char,0.28641,0.21417,0.07224,0.22129,0.14418,0.04692,0.51835,0.28524,0.28678
CharBiRNN,2024,char,0.25032,0.21417,0.03615,0.20236,0.12832,0.041,0.50824,0.27528,0.24257
CharBiRNN,777,char,0.27745,0.21417,0.06327,0.17086,0.1382,0.02224,0.5414,0.31023,0.26726
CharBiLSTM,42,char,0.24458,0.21417,0.03041,0.22271,0.10578,0.05868,0.51264,0.21005,0.2553
CharBiLSTM,7,char,0.31064,0.21417,0.09646,0.15567,0.10503,0.02777,0.57731,0.28539,0.31848
CharBiLSTM,123,char,0.23656,0.21417,0.02239,0.19164,0.1126,0.05112,0.52229,0.19959,0.24804
CharBiLSTM,2024,char,0.28543,0.21417,0.07126,0.18076,0.11863,0.03941,0.55097,0.24112,0.29919
CharBiLSTM,777,char,0.26134,0.21417,0.04717,0.14928,0.13661,0.02856,0.55513,0.23841,0.26846
CharBiGRU,42,char,0.26579,0.21417,0.05162,0.19803,0.12515,0.03765,0.51985,0.26328,0.26657
CharBiGRU,7,char,0.30519,0.21417,0.09102,0.22434,0.17118,0.05167,0.52917,0.31783,0.30127
CharBiGRU,123,char,0.33271,0.21417,0.11854,0.20358,0.15013,0.03746,0.55624,0.31926,0.33689
CharBiGRU,2024,char,0.29537,0.21417,0.0812,0.16048,0.12251,0.02707,0.55942,0.31215,0.29016
CharBiGRU,777,char,0.25809,0.21417,0.04392,0.23253,0.0916,0.04457,0.50931,0.21202,0.27241
CharTransformer,42,char,0.22045,0.21417,0.00628,0.23939,0.14681,0.04283,0.46446,0.25934,0.20837
CharTransformer,7,char,0.17194,0.21417,-0.04223,0.30602,0.05069,0.09461,0.39684,0.19624,0.16439
CharTransformer,123,char,0.17307,0.21417,-0.0411,0.27391,0.07715,0.05517,0.41734,0.20643,0.16271
CharTransformer,2024,char,0.16872,0.21417,-0.04546,0.34479,0.03067,0.08836,0.39934,0.19084,0.16184
CharTransformer,777,char,0.19909,0.21417,-0.01508,0.27411,0.08447,0.06868,0.441,0.2276,0.19024
WordBiRNN,42,word,0.99656,0.99781,-0.00125,0.9983,0.27324,0.50934,0.38276,0.99878,0.99587
WordBiRNN,7,word,0.99615,0.99781,-0.00166,0.99856,0.27673,0.50707,0.38425,0.99874,0.99535
WordBiRNN,123,word,0.99724,0.99781,-0.00057,0.99848,0.30116,0.45546,0.42331,0.99949,0.99654
WordBiRNN,2024,word,0.99754,0.99781,-0.00027,0.99808,0.30233,0.46089,0.42051,0.99943,0.99696
WordBiRNN,777,word,0.99779,0.99781,-2e-05,0.99795,0.37858,0.34969,0.51481,0.99894,0.99743
WordBiLSTM,42,word,0.99749,0.99781,-0.00032,0.99802,0.37092,0.37333,0.49891,0.99907,0.997
WordBiLSTM,7,word,0.99582,0.99781,-0.00199,0.99704,0.41812,0.47243,0.47262,0.99898,0.99484
WordBiLSTM,123,word,0.99739,0.99781,-0.00042,0.99681,0.46869,0.3314,0.57,0.99922,0.99682
WordBiLSTM,2024,word,0.99758,0.99781,-0.00023,0.99785,0.3757,0.3707,0.50246,0.99889,0.99718
WordBiLSTM,777,word,0.99732,0.99781,-0.00049,0.99772,0.37105,0.38649,0.49196,0.99838,0.99699
WordBiGRU,42,word,0.99626,0.99781,-0.00155,0.99745,0.40178,0.44624,0.47739,0.99887,0.99546
WordBiGRU,7,word,0.99606,0.99781,-0.00175,0.99705,0.43292,0.45324,0.48928,0.99891,0.99517
WordBiGRU,123,word,0.99714,0.99781,-0.00068,0.99709,0.45144,0.35369,0.54931,0.99922,0.99649
WordBiGRU,2024,word,0.99752,0.99781,-0.00029,0.99721,0.39486,0.38271,0.50607,0.9987,0.99716
WordBiGRU,777,word,0.99745,0.99781,-0.00036,0.99695,0.43508,0.35236,0.5423,0.99875,0.99704
WordTransformer,42,word,0.99559,0.99781,-0.00222,0.99915,0.2476,0.5369,0.35353,0.99798,0.99485
WordTransformer,7,word,0.99548,0.99781,-0.00233,0.99876,0.23636,0.54891,0.34178,0.99793,0.99472
WordTransformer,123,word,0.99514,0.99781,-0.00267,0.99915,0.2442,0.54907,0.34621,0.99777,0.99432
WordTransformer,2024,word,0.99591,0.99781,-0.0019,0.99862,0.25897,0.54199,0.35755,0.99801,0.99526
WordTransformer,777,word,0.99645,0.99781,-0.00136,0.99832,0.27453,0.50478,0.38364,0.99843,0.99583
