,CharBiRNN,CharBiLSTM,CharBiGRU,CharTransformer
pos_-12,0.046273,0.048395,0.046726,0.043717
pos_-11,0.051309,0.048579,0.049109,0.051104
pos_-10,0.05422,0.050028,0.048363,0.056757
pos_-9,0.060004,0.051276,0.049623,0.064501
pos_-8,0.044321,0.050255,0.044815,0.047219
pos_-7,0.034879,0.048224,0.041973,0.037472
pos_-6,0.028444,0.045099,0.038224,0.017994
pos_-5,0.037123,0.047464,0.044288,0.015857
pos_-4,0.029901,0.039337,0.047952,0.016499
pos_-3,0.039968,0.043411,0.04821,0.027128
pos_-2,0.04137,0.056053,0.04448,0.030013
pos_-1,0.153418,0.105778,0.125147,0.146812
