Model,token,mean,std,n_names
WordBiGRU,1,0.39764888188323905,0.04913768949831244,18882
WordBiGRU,2,0.2935921557557674,0.03657237349799214,18723
WordBiGRU,3,0.3532265173226311,0.022365905815220036,14238
WordBiGRU,4,0.3043042634766565,0.03754923429437366,2608
WordBiGRU,5,0.2526341115049159,0.0183934016600635,196
WordBiLSTM,1,0.3868699782732643,0.05206520159018114,18882
WordBiLSTM,2,0.3233971762057092,0.0532845746494476,18723
WordBiLSTM,3,0.3361429545796866,0.03228095415385795,14238
WordBiLSTM,4,0.2641013569259737,0.03509534690534879,2608
WordBiLSTM,5,0.22528566712339906,0.0461041131238932,196
WordBiRNN,1,0.4564927310371075,0.06476524948909122,18882
WordBiRNN,2,0.3164396111657554,0.034324636399458576,18723
WordBiRNN,3,0.2655445916559163,0.03587257779819515,14238
WordBiRNN,4,0.20107694763947231,0.037566754745635075,2608
WordBiRNN,5,0.1597887316544468,0.02146179455903218,196
WordTransformer,1,0.5363273791264092,0.018360208337626933,18882
WordTransformer,2,0.2769002076031939,0.013176423122468422,18723
WordTransformer,3,0.22543006026158446,0.014699328966734178,14238
WordTransformer,4,0.12972617249968807,0.040538950385108734,2608
WordTransformer,5,0.10527972812735835,0.03274024687953865,196
