Model,position,mean,std,min,max
CharBiGRU,-12,0.04507639897514213,0.002403190166515023,0.041449557073204774,0.04749749253605294
CharBiGRU,-11,0.047254921114423906,0.0018526418934008565,0.044169286404591356,0.049109196277068834
CharBiGRU,-10,0.047703763434691314,0.0008001505799662877,0.04651624588644881,0.04838020154268478
CharBiGRU,-9,0.049345538585583215,0.0023834696226930317,0.045825773416268326,0.051577967558498534
CharBiGRU,-8,0.0443302716500072,0.004870486604910195,0.03786681691398132,0.05153478231024312
CharBiGRU,-7,0.03850616496264327,0.004278087531683694,0.03286454893151566,0.042702009385329115
CharBiGRU,-6,0.03714834544656061,0.004883061032439739,0.03100092016035267,0.043341034855452584
CharBiGRU,-5,0.04375083717794902,0.00903790962356795,0.03151744250961439,0.05615220837736289
CharBiGRU,-4,0.04529792913495303,0.005350996710985627,0.03587167242233481,0.04885335422739367
CharBiGRU,-3,0.054227380525019485,0.007729279545255034,0.04451661578162283,0.06215512220706621
CharBiGRU,-2,0.0597928901744187,0.01155940744584859,0.044479681902950326,0.07542748074400854
CharBiGRU,-1,0.13211383575895966,0.030137340971471787,0.09160180766426314,0.17118148782763054
CharBiLSTM,-12,0.04726307984251968,0.002123951760062694,0.04500047857815741,0.05020308092319725
CharBiLSTM,-11,0.04835921957370007,0.0022356569882359804,0.046239331014064564,0.05203277651706185
CharBiLSTM,-10,0.04990468891687319,0.002297810096133115,0.048115144305972565,0.053798635852151167
CharBiLSTM,-9,0.053580510838708184,0.0018249448041939807,0.05127599121224627,0.05580603230539312
CharBiLSTM,-8,0.05638078947217606,0.00494731877802366,0.05025453487196102,0.06178622116843568
CharBiLSTM,-7,0.05152429144642556,0.006188465770699099,0.04592841301778057,0.06069611551804527
CharBiLSTM,-6,0.04689561209032629,0.0034141800905607895,0.04326075564939998,0.05235702806842803
CharBiLSTM,-5,0.048039397097817085,0.003597362400371003,0.042314676652742016,0.05199721356256482
CharBiLSTM,-4,0.04202791484542214,0.008163927022642872,0.03424017204367914,0.055236920961235315
CharBiLSTM,-3,0.04703445192067492,0.012069343930386563,0.03685144290295583,0.06625124884586404
CharBiLSTM,-2,0.06291706270909972,0.014689532206777507,0.05041943167761896,0.08412292087422879
CharBiLSTM,-1,0.11572929230315081,0.012919057260655889,0.10502542866175027,0.13660544855407303
CharBiRNN,-12,0.04694057282890875,0.000767417055365548,0.04613149059908913,0.0479873142125071
CharBiRNN,-11,0.05159666812296915,0.0011374230557807663,0.049990640855146116,0.05304163829197592
CharBiRNN,-10,0.05405326645855709,0.0014213996386379928,0.05239807618056192,0.056155176490561176
CharBiRNN,-9,0.05797991559196797,0.002839654734619178,0.054660966546985046,0.061211596189856346
CharBiRNN,-8,0.04655039805676425,0.007582642302723643,0.03984700613709886,0.05860436882170924
CharBiRNN,-7,0.035538331495968106,0.004591897721757788,0.030126485719951097,0.04229555624134266
CharBiRNN,-6,0.029237581586374163,0.002959431763700365,0.02651715919296068,0.03424821696254813
CharBiRNN,-5,0.04112173818078875,0.008598619466775223,0.03438571769180984,0.054359245895584676
CharBiRNN,-4,0.03720672805866312,0.005114884420694413,0.029901222041240186,0.04363660801557045
CharBiRNN,-3,0.04537540835684488,0.005172829805751593,0.03996761163678261,0.05263553122706465
CharBiRNN,-2,0.04648091146193591,0.004038340262782791,0.04136974250993835,0.052139042188445096
CharBiRNN,-1,0.14077349790432708,0.009142200001815922,0.1283165934629781,0.15341779050985227
CharTransformer,-12,0.04875520234205956,0.004475490367281011,0.043716782900341,0.055530034035034675
CharTransformer,-11,0.051530041652852535,0.0013477783019891403,0.05025285544050456,0.05374783348312126
CharTransformer,-10,0.05289946778029851,0.0027649724689496617,0.049114309088345624,0.056756666274968656
CharTransformer,-9,0.052240644779394295,0.00903580926043762,0.04040552346195661,0.0645008158136967
CharTransformer,-8,0.04000779259915886,0.00705705576451257,0.030349385463648237,0.04721934555373103
CharTransformer,-7,0.032741824454291545,0.0052198926347135285,0.026646854709535404,0.03747164823526257
CharTransformer,-6,0.022815844116364472,0.003985064612385848,0.017993504501607804,0.02838766964767304
CharTransformer,-5,0.027485072989170755,0.010656269185740443,0.01585707982974988,0.04485719488209518
CharTransformer,-4,0.0306926929420824,0.010963920586219965,0.016498978284563263,0.04628447794766611
CharTransformer,-3,0.03729206953120058,0.008975119542275346,0.02712774975965179,0.050208572189259185
CharTransformer,-2,0.04071453178072889,0.007422895281353337,0.03001329758880964,0.04911513278932512
CharTransformer,-1,0.07795555032699075,0.044056984519950576,0.03066606953126883,0.14681194696533897
