row_id,n_tokens,suffix3,label,pred_IndoBERT__seed42,pred_IndoBERT__seed7,pred_IndoBERT__seed123,pred_IndoBERT__seed2024,pred_IndoBERT__seed777,pred_mBERT__seed42,pred_mBERT__seed7,pred_mBERT__seed123,pred_mBERT__seed2024,pred_mBERT__seed777,pred_XLM-R__seed42,pred_XLM-R__seed7,pred_XLM-R__seed123,pred_XLM-R__seed2024,pred_XLM-R__seed777
1,2,dqi,0,0,0,0,0,0,0,0,0,0,0,0,0,0,0,0
2,2,owo,0,0,0,0,0,0,0,0,0,0,0,0,0,0,0,0
3,3,rto,0,0,0,0,0,0,0,0,0,0,0,0,0,0,0,0
4,2,tra,0,0,0,0,0,0,0,0,0,0,0,0,0,0,0,0
5,3,sta,0,0,0,0,0,0,0,0,0,0,0,0,0,0,0,0
6,2,nri,0,0,0,0,0,0,0,0,0,0,0,0,0,0,0,0
7,2,ini,1,1,1,1,1,1,1,1,1,1,1,1,1,1,1,1
8,2,man,0,0,0,0,0,0,0,0,0,0,0,0,0,0,0,0
9,1,man,0,0,0,0,0,0,0,0,0,0,0,0,0,0,0,0
10,3,kma,1,0,0,0,0,0,0,0,0,0,0,0,0,0,0,0
11,2,ani,1,1,1,1,1,1,1,1,1,1,1,1,1,1,1,1
12,3,ana,0,0,0,0,0,0,0,0,0,0,0,0,0,0,0,0
13,3,ama,0,0,0,0,0,0,0,0,0,0,0,0,0,0,0,0
14,3,dro,0,0,0,0,0,0,0,0,0,0,0,0,0,0,0,0
15,3,ani,1,1,1,1,1,1,1,1,1,1,1,1,1,1,1,1
16,3,owo,0,0,0,0,0,0,0,0,0,0,0,0,0,0,0,0
17,3,ini,0,1,1,1,0,1,1,0,0,0,0,0,0,0,0,0
18,3,nda,0,0,0,0,0,0,0,0,0,0,0,0,0,0,0,0
19,1,uzi,0,1,1,0,1,1,1,0,0,0,0,0,1,0,0,1
20,1,ian,0,0,0,0,0,0,0,0,0,0,0,0,0,0,0,0
21,3,o'a,1,0,0,0,0,0,0,0,0,0,0,0,0,0,0,0
22,2,yah,0,0,0,0,0,0,0,0,0,0,0,0,0,0,0,0
23,2,mad,0,0,0,0,0,0,0,0,0,0,0,0,0,0,0,0
24,2,iwi,1,1,1,1,1,1,1,1,1,1,1,1,1,1,1,1
25,3,ndo,0,0,0,0,0,0,0,0,0,0,0,0,0,0,0,0
26,2,anu,0,0,0,0,0,0,0,0,0,0,0,0,0,0,0,0
27,2,iza,0,0,0,0,0,0,0,0,0,0,0,0,0,0,0,0
28,2,ana,1,1,1,1,1,1,1,1,1,1,1,1,1,1,1,1
29,2,tya,1,0,0,0,0,0,0,0,0,0,0,0,0,0,0,0
30,2,jri,0,0,0,0,0,0,0,0,0,0,0,0,0,0,0,0
31,3,kti,1,1,1,1,1,1,1,1,1,1,1,0,1,1,1,1
32,2,sri,0,0,0,0,0,0,0,0,0,0,0,0,0,0,0,0
33,1,mat,0,0,0,0,0,0,0,0,0,0,0,0,0,0,0,0
34,2,lis,1,1,1,0,0,0,0,0,1,0,0,0,0,0,0,0
35,3,adi,0,0,0,0,0,0,0,0,0,0,0,0,0,0,0,0
36,2,ini,1,1,1,1,1,1,1,1,1,1,1,1,1,1,1,1
37,2,udz,0,0,0,0,0,0,0,0,0,0,0,1,0,0,0,0
38,2,edi,0,0,0,0,0,0,0,0,0,0,0,0,0,0,0,0
39,2,wan,0,0,0,0,0,0,0,0,0,0,0,0,0,0,0,0
40,2,ana,1,1,0,0,0,0,0,0,0,0,1,0,0,1,0,0
41,2,ewi,1,1,1,1,1,1,1,1,1,1,1,1,1,1,1,1
42,2,ani,1,1,1,1,1,1,1,1,1,1,1,1,1,1,1,1
43,3,aha,0,0,0,0,0,0,0,0,0,0,0,0,0,0,0,0
44,2,ugi,0,0,0,0,0,0,0,0,0,0,0,0,0,0,0,0
45,3,oho,0,0,0,0,0,0,0,0,0,0,0,0,0,0,0,0
46,3,nti,1,1,1,1,1,1,1,1,1,1,1,1,1,1,1,1
47,3,nda,1,1,1,1,1,1,1,1,1,1,1,1,1,1,1,1
48,2,yah,0,0,0,0,0,0,0,0,0,0,0,0,0,0,0,0
49,2,tri,1,1,1,1,1,1,1,1,1,1,1,1,1,1,1,1
50,2,ano,0,0,0,0,0,0,0,0,0,0,0,0,0,0,0,0
51,3,man,0,0,0,0,0,0,0,0,0,0,0,0,0,0,0,0
52,3,ani,0,1,1,1,1,1,1,1,1,1,1,1,1,1,1,1
53,1,zar,0,0,0,0,0,0,0,0,0,0,0,0,0,0,0,0
54,2,era,0,0,0,0,0,0,0,0,0,0,0,0,1,0,0,0
55,1,ina,1,1,1,1,1,1,1,1,1,1,1,1,1,1,1,1
56,2,lba,0,0,0,0,0,0,0,0,0,0,0,0,0,0,0,0
57,2,aus,0,0,0,0,0,0,0,0,0,0,0,0,0,0,0,0
58,3,bis,1,1,1,1,1,1,1,1,1,1,1,1,1,1,1,1
59,2,wan,0,0,0,0,0,0,0,0,0,0,0,0,0,0,0,0
60,3,ron,0,0,0,0,0,0,0,0,0,0,0,0,0,0,0,0
61,2,afi,0,0,0,0,0,0,0,0,0,0,0,0,0,0,0,0
62,4,iri,0,0,0,0,0,0,0,0,0,0,0,0,0,0,0,0
63,2,nny,0,0,0,0,0,0,0,0,0,0,0,0,0,0,0,0
64,2,yyu,0,0,0,0,0,0,0,0,0,0,0,0,0,0,0,0
65,1,mah,1,1,1,1,1,1,1,1,1,1,1,1,1,1,1,1
66,3,ono,0,0,0,0,0,0,0,0,0,0,0,0,0,0,0,0
67,3,lta,1,1,1,1,1,1,1,1,1,1,1,1,1,1,1,1
68,2,rum,1,1,1,1,1,1,1,1,1,1,1,1,1,1,1,1
69,3,tra,0,0,0,0,0,0,0,0,0,0,0,0,0,0,0,0
70,3,wan,0,0,0,0,0,0,0,0,0,0,0,0,0,0,0,0
71,2,udi,0,0,0,0,0,0,0,0,0,0,0,0,0,0,0,0
72,3,ina,1,1,1,1,1,1,1,1,1,1,1,1,1,1,1,1
73,2,rdi,0,0,0,0,0,0,0,0,0,0,0,0,0,0,0,0
74,2,aya,0,0,0,0,0,0,0,0,0,0,0,0,0,0,0,0
75,2,ndi,0,0,0,0,0,0,0,0,0,0,0,0,0,0,0,0
76,3,wan,0,0,0,0,0,0,0,0,0,0,0,0,0,0,0,0
77,3,tra,0,0,0,0,0,0,0,0,0,0,0,0,0,0,0,0
78,1,dah,1,1,1,1,1,1,1,1,1,1,1,1,1,1,1,1
79,2,man,0,0,0,0,0,0,0,0,0,0,0,0,0,0,0,0
80,2,mat,0,0,0,0,0,0,0,0,0,0,0,0,0,0,0,0
81,2,dri,0,0,0,0,0,0,0,0,0,0,0,0,0,0,0,0
82,1,jri,0,0,0,0,0,0,0,0,0,0,0,0,0,0,0,0
83,4,awi,0,0,0,0,0,0,0,0,0,0,0,0,0,0,0,0
84,2,ska,1,1,1,1,1,1,1,1,1,1,1,1,1,1,1,1
85,1,ndo,0,0,0,0,0,0,0,0,0,0,0,0,0,0,0,0
86,2,ika,0,1,1,1,1,1,0,1,1,1,0,1,1,1,1,1
87,3,a p,1,1,1,1,1,1,1,1,1,1,1,1,1,1,1,1
88,2,ane,1,1,1,1,1,1,1,1,1,1,1,1,1,1,1,1
89,3,tri,1,1,1,1,1,1,1,1,1,1,1,1,1,1,1,1
90,1,iah,1,1,1,1,1,1,1,1,1,1,1,1,1,1,1,1
91,2,lia,1,1,1,1,1,1,1,1,1,1,1,1,1,1,1,1
92,3,srg,1,1,1,1,1,1,1,1,1,1,1,1,1,1,1,1
93,3,ziz,0,0,0,0,0,0,0,0,0,0,0,0,0,0,0,0
94,2,jri,0,0,0,0,0,0,0,0,0,0,0,0,0,0,0,0
95,3,ari,1,1,1,1,1,1,1,1,1,1,1,1,1,1,1,1
96,2,tra,0,0,0,0,0,0,0,0,0,0,0,0,0,0,0,0
97,2,wam,0,0,0,0,0,0,0,0,0,0,0,0,0,0,0,0
98,4,ina,0,0,0,0,0,0,0,0,0,0,0,0,0,0,0,0
99,2,lah,0,0,1,0,1,0,1,1,1,1,1,1,1,0,1,1
100,2,tfi,0,0,0,0,0,0,0,0,0,0,0,0,0,0,0,0
101,2,suf,0,0,0,0,0,0,0,0,0,0,0,0,0,0,0,0
102,3,the,1,1,1,1,1,1,1,1,1,1,1,1,1,1,1,1
103,3,i n,1,1,1,1,1,1,1,1,1,1,1,1,1,1,1,1
104,3,man,0,0,0,0,0,0,0,0,0,0,0,0,0,0,0,0
105,2,sih,1,1,1,1,1,1,1,1,1,1,1,1,1,1,1,1
106,2,wan,0,0,0,0,0,0,0,0,0,0,0,0,0,0,0,0
107,3,tri,1,1,1,1,1,1,1,1,1,1,1,1,1,1,1,1
108,2,lah,1,1,1,1,1,1,1,1,1,1,1,1,1,1,1,1
109,2,ana,0,0,0,0,0,0,0,0,0,0,0,0,0,0,0,0
110,3,iwi,1,1,1,1,1,1,1,1,1,1,1,1,1,1,1,1
111,3,pea,0,0,0,0,0,0,0,0,0,0,0,0,0,0,0,0
112,2,ari,1,1,1,1,1,1,1,1,1,1,1,1,1,1,1,1
113,2,lta,0,0,0,0,0,0,0,0,0,0,0,0,0,0,0,0
114,2,hri,0,0,0,0,0,0,0,0,1,0,0,0,0,0,0,0
115,2,ari,1,1,1,1,1,1,1,1,1,1,1,1,1,1,1,1
116,2,ida,1,1,1,1,1,1,1,1,1,1,1,1,1,1,1,1
117,4,tra,0,0,0,0,0,0,0,0,0,0,0,0,0,0,0,0
118,2,ora,0,0,0,0,0,0,0,0,0,0,0,0,0,0,0,0
119,2,wan,0,0,0,0,0,0,0,0,0,0,0,0,0,0,0,0
120,1,nto,0,0,0,0,0,0,0,0,0,0,0,0,0,0,0,0
121,2,tri,1,1,1,1,1,1,1,1,1,1,1,1,1,1,1,1
122,2,ari,1,1,1,1,1,1,1,1,1,1,1,1,1,1,1,1
123,2,han,0,0,0,0,0,0,0,0,0,0,0,0,0,0,0,0
124,1,aus,0,0,0,0,0,0,0,0,0,0,0,0,0,0,0,0
125,2,ril,0,0,0,0,0,0,0,0,0,0,0,0,0,0,0,0
126,2,tra,0,0,0,0,0,0,0,0,0,0,0,0,0,0,0,0
127,2,ati,1,1,1,1,1,1,1,1,1,1,1,1,1,1,1,1
128,2,man,0,0,0,0,0,0,0,0,0,0,0,0,0,0,0,0
129,3,iwi,0,1,1,1,1,1,1,1,1,1,1,1,1,1,1,1
130,2,sha,0,0,0,0,0,0,0,0,0,0,0,0,0,0,0,0
131,4,ion,0,0,0,0,0,0,0,0,0,0,0,0,0,0,0,0
132,2,dho,0,0,0,0,0,0,0,0,0,0,0,0,0,0,0,0
133,3,nti,1,1,1,1,1,1,1,1,1,1,1,1,1,1,1,1
134,3,yat,0,0,0,0,0,0,0,0,0,0,0,0,0,0,0,0
135,1,ati,1,1,1,1,1,1,1,1,1,1,1,1,1,1,1,1
136,2,rna,0,0,0,0,1,0,0,0,0,0,0,0,0,0,0,0
137,2,man,0,0,0,0,0,0,0,0,0,0,0,0,0,0,0,0
138,2,uti,1,1,1,1,1,1,1,1,1,1,1,1,1,1,1,1
139,2,lia,1,1,1,1,1,1,1,1,1,1,1,1,1,1,1,1
140,3,ari,1,1,0,1,1,0,1,1,0,0,1,1,1,1,1,0
141,3,nda,1,1,1,1,1,1,1,1,1,1,1,1,1,1,1,1
142,2,ani,1,1,1,1,1,1,1,1,1,1,1,1,1,1,1,1
143,2,wan,0,0,0,0,0,0,0,0,0,0,0,0,0,0,0,0
144,2,iha,1,1,1,1,1,1,1,1,1,1,1,1,1,1,1,1
145,3,han,1,1,1,1,1,1,1,1,1,1,1,1,1,1,1,1
146,2,gga,0,1,1,1,1,1,0,1,0,0,0,1,0,1,1,0
147,3,wan,0,0,0,0,0,0,0,0,0,0,0,0,0,0,0,0
148,3,ari,1,1,1,1,1,1,1,1,1,1,1,1,1,1,1,1
149,2,ion,0,0,0,0,0,0,0,0,0,0,0,0,0,0,0,0
150,2,man,0,0,0,0,0,0,0,0,0,0,0,0,0,0,0,0
151,2,tra,0,0,0,0,0,0,0,0,0,0,0,0,0,0,0,0
152,1,nto,0,0,0,0,0,0,0,0,0,0,0,0,0,0,0,0
153,3,ono,0,0,0,0,0,0,0,0,0,0,0,0,0,0,0,0
154,2,ama,0,0,0,0,0,0,0,0,0,0,0,0,0,0,0,0
155,3,ini,1,1,1,1,1,1,1,1,1,1,1,1,1,1,1,1
156,3,ani,1,1,1,1,1,1,1,1,1,1,1,1,1,1,1,1
157,3,ari,1,1,1,1,1,1,1,1,1,1,1,1,1,1,1,1
158,3,ati,1,1,1,1,1,1,1,1,1,1,1,1,1,1,1,1
159,1,aus,0,0,0,0,0,0,0,0,0,0,0,0,0,0,0,0
160,3,wan,1,0,0,0,0,0,0,0,0,0,0,0,0,0,0,0
161,2,sha,1,1,1,1,1,1,1,1,1,1,1,1,1,1,1,1
162,3,i r,1,1,1,1,1,1,1,0,0,1,0,1,1,1,1,1
163,2,ani,1,1,1,1,1,1,1,1,1,1,1,1,1,1,1,1
164,2,dri,0,0,0,0,0,0,0,0,0,0,0,0,0,0,0,0
165,2,ubi,0,0,0,0,0,0,0,0,0,0,0,0,0,0,0,0
166,2,nti,1,1,1,1,1,1,1,1,1,1,1,1,1,1,1,1
167,2,ati,1,1,1,1,1,1,1,1,1,1,1,1,1,1,1,1
168,4,eza,1,1,1,1,1,1,1,1,1,1,1,1,1,1,1,1
169,2,nes,0,0,0,0,0,0,0,0,0,0,0,0,0,0,0,0
170,1,ari,1,1,1,1,1,1,1,1,1,1,1,1,1,1,1,1
171,2,zal,0,0,0,0,0,0,0,0,0,0,0,0,0,0,0,0
172,2,ana,1,1,1,1,1,1,1,1,1,1,1,1,1,1,1,1
173,3,rba,0,0,0,0,0,0,0,0,0,0,0,0,0,0,0,0
174,3, sp,0,0,0,0,0,0,0,0,0,0,0,0,0,0,0,0
175,3,ari,1,1,1,1,1,1,1,1,1,1,1,1,1,1,1,1
176,2,lia,1,1,1,1,1,1,1,1,1,1,1,1,1,1,1,1
177,2,uci,1,1,1,1,1,1,1,1,1,1,1,1,1,1,1,1
178,2,evi,0,0,0,0,0,0,0,0,0,0,0,0,0,0,0,0
179,2,aca,1,0,0,0,0,0,0,0,1,0,0,0,0,0,0,0
180,2,aya,0,0,0,0,0,0,0,0,0,0,0,0,0,0,0,0
181,3,lia,1,1,1,1,1,1,1,1,1,1,1,1,1,1,1,1
182,3,try,1,1,1,1,1,1,1,1,1,1,1,1,1,1,1,1
183,3,nur,1,1,1,1,1,1,1,1,1,1,1,1,1,1,1,1
184,3,rjo,0,0,0,0,0,0,0,0,0,0,0,0,0,0,0,0
185,2,uti,1,1,1,1,1,1,1,1,1,1,1,1,1,1,1,1
186,2,sih,1,1,1,1,1,1,1,1,1,1,1,1,1,1,1,1
187,2,ina,1,1,1,1,1,1,1,1,1,1,1,1,1,1,1,1
188,3,hsb,1,1,1,1,1,1,1,1,1,1,1,1,1,1,1,1
189,3,ari,1,1,1,1,1,1,1,1,1,1,1,1,1,1,1,1
190,3,ino,0,0,0,0,0,0,0,0,0,0,0,0,0,0,0,0
191,3,ama,0,0,0,0,0,0,0,0,0,0,0,0,0,0,0,0
192,2,dra,0,0,0,0,0,0,0,0,0,0,0,0,0,0,0,0
193,3,rdi,0,0,0,0,0,0,0,1,1,0,0,0,0,0,0,0
194,2,ani,1,1,1,1,1,1,1,1,1,1,1,1,1,1,1,1
195,2,rdi,1,0,0,0,0,0,0,0,0,0,0,0,0,0,0,0
196,2,ani,1,1,1,1,1,1,1,1,1,1,1,1,1,1,1,1
197,2,bib,0,0,0,0,0,0,0,0,0,0,0,0,0,0,0,0
198,4,ski,1,1,1,1,1,1,1,1,1,1,1,1,1,1,1,1
199,2,wan,0,0,0,0,0,0,0,0,0,0,0,0,0,0,0,0
200,3,tra,0,0,0,0,0,0,0,0,0,0,0,0,0,0,0,0
201,4,ana,0,0,0,0,0,0,0,0,0,0,0,0,0,0,0,0
202,4,ami,0,0,0,0,0,0,0,0,0,0,0,0,0,0,0,0
203,2,eer,0,0,0,0,0,0,0,0,0,0,0,0,0,0,0,0
204,2,oha,0,0,0,0,0,0,0,0,0,0,0,0,0,0,0,0
205,2,ana,1,1,1,1,1,1,1,1,1,1,1,1,1,1,1,1
206,3,ari,1,1,1,1,1,1,1,1,1,1,1,1,1,1,1,1
207,2,zal,0,0,0,0,0,0,0,0,0,0,0,0,0,0,0,0
208,2,uni,1,1,1,1,1,1,1,1,1,1,1,1,1,1,1,1
209,2,yat,0,0,0,0,0,0,0,0,0,0,0,0,0,0,0,0
210,2,eni,1,1,1,1,1,1,1,1,1,1,1,1,1,1,1,1
211,3,ani,0,0,0,0,0,0,0,1,0,0,0,0,0,0,0,0
212,2,lvi,0,1,0,1,0,0,0,1,0,0,0,1,0,0,1,0
213,1,nto,0,0,0,0,0,0,0,0,0,0,0,0,0,0,0,0
214,2,lva,1,1,1,1,1,1,1,1,1,1,1,1,1,1,1,1
215,2,sih,1,1,1,1,1,1,1,1,1,1,1,1,1,1,1,1
216,2,tra,0,0,0,0,0,0,0,0,0,0,0,0,0,0,0,0
217,2,wan,0,0,0,0,0,0,0,0,0,0,0,0,0,0,0,0
218,1,tun,1,1,1,1,1,1,1,1,1,1,1,1,1,1,1,1
219,2,nto,0,0,0,0,0,0,0,0,0,0,0,0,0,0,0,0
220,2,tra,0,0,0,0,0,0,0,0,0,0,0,0,0,0,0,0
221,3,ian,0,0,0,0,0,0,0,0,0,0,0,0,0,0,0,0
222,3,tra,0,0,0,0,0,0,0,0,0,0,0,0,0,0,0,0
223,2,tyo,0,0,0,0,0,0,0,0,0,0,0,0,0,0,0,0
224,3,ria,0,0,0,0,0,0,0,0,0,0,0,0,0,0,0,0
225,2,ana,1,1,1,1,1,1,1,1,1,1,1,1,1,1,1,1
226,2,dra,0,1,0,0,0,0,0,1,1,0,0,0,0,0,0,1
227,2,aty,0,1,1,1,1,1,1,1,1,1,1,1,1,1,1,1
228,1,ani,1,0,0,0,0,0,1,0,0,0,0,0,0,0,0,0
229,2,man,0,0,0,0,0,0,0,0,0,0,0,0,0,0,0,0
230,2,ati,1,1,1,1,1,1,1,1,1,1,1,1,1,1,1,1
231,3,ana,0,0,0,0,0,0,0,0,0,0,0,0,0,0,0,0
232,2,ani,1,1,1,1,1,1,1,1,1,1,1,1,1,1,1,1
233,2,aya,0,0,0,0,0,0,0,0,0,0,0,0,0,0,0,0
234,2,nti,1,1,1,1,1,1,1,1,1,1,1,1,1,1,1,1
235,3,tra,0,0,0,0,0,0,0,0,0,0,0,0,0,0,0,0
236,3,fur,0,0,0,0,0,0,0,0,0,0,0,0,0,0,0,0
237,2,ail,0,0,0,0,0,0,0,0,0,0,0,0,0,0,0,0
238,3,n a,0,0,0,0,0,0,0,0,0,0,0,0,0,0,0,0
239,2,zmy,0,0,0,0,0,0,0,0,0,0,0,0,0,0,0,0
240,2,ham,0,0,0,0,0,0,0,0,0,0,0,0,0,0,0,0
241,2,han,0,0,0,0,0,0,0,0,0,0,0,0,0,0,0,0
242,2,ewi,1,1,1,1,1,1,1,1,1,1,1,1,1,1,1,1
243,3,tra,0,0,0,0,0,0,0,0,0,0,0,0,0,0,0,0
244,2,ari,0,0,0,0,0,0,0,0,0,0,0,0,0,0,0,0
245,3,ziz,1,1,1,1,1,1,1,1,1,1,1,1,1,1,1,1
246,1,dho,0,0,0,0,0,0,0,0,0,0,0,0,0,0,0,0
247,2,jri,0,0,0,0,0,0,0,0,0,0,0,0,0,0,0,0
248,2,nda,0,0,0,0,0,0,0,0,0,0,0,0,0,0,0,0
249,2,dra,0,0,0,0,0,0,0,0,0,0,0,0,0,0,0,0
250,1,ina,1,1,1,1,1,1,1,1,1,1,1,1,1,1,1,1
251,1,adi,0,0,0,0,0,0,0,0,0,0,0,0,0,0,0,0
252,1,ani,1,1,1,1,1,1,1,1,1,1,1,1,1,1,1,1
253,3,yat,0,0,0,0,0,0,0,0,0,0,0,0,0,0,0,0
254,2,ani,1,1,1,1,1,1,1,1,1,1,1,1,1,1,1,1
255,2,rmi,1,1,1,1,1,0,1,1,1,1,1,1,1,0,1,1
256,3,uti,1,1,1,1,1,1,1,1,1,1,1,1,1,1,1,1
257,2,man,0,0,0,0,0,0,0,0,0,0,0,0,0,0,0,0
258,2,wan,0,0,0,0,0,0,0,0,0,0,0,0,0,0,0,0
259,3,usi,0,0,0,0,0,0,0,0,0,0,0,0,0,0,0,0
260,4,uko,0,0,1,0,0,0,0,0,0,0,0,1,1,1,1,1
261,2,ira,1,1,1,1,1,1,1,1,1,1,1,1,1,1,1,1
262,4,rta,1,1,1,1,1,1,1,1,1,1,1,1,1,1,1,1
263,2,nas,0,0,0,0,0,0,0,0,0,0,0,0,0,0,0,0
264,3,nda,0,0,0,0,0,0,0,0,0,0,0,0,0,0,0,0
265,2,wan,0,0,0,0,0,0,0,0,0,0,0,0,0,0,0,0
266,2,ani,1,1,1,1,1,1,1,1,1,1,1,1,1,1,1,1
267,2,uti,1,1,1,1,1,1,1,1,1,1,1,1,1,1,1,1
268,2,rin,0,0,0,0,0,0,0,0,0,0,0,0,0,0,0,0
269,2,dri,0,1,1,1,1,1,1,1,1,1,1,1,1,1,1,1
270,4,khu,0,0,0,0,0,0,0,0,0,0,0,0,0,0,0,0
271,2,sfa,0,0,0,0,0,0,0,0,0,0,0,0,0,0,0,0
272,2,ndi,0,0,0,0,0,0,0,0,0,0,0,0,0,0,0,0
273,4,i p,0,0,0,0,0,0,0,0,0,0,0,0,0,0,0,0
274,2,nti,1,1,1,1,1,1,1,1,1,1,1,1,1,1,1,1
275,2,ati,1,1,1,1,1,1,1,1,1,1,1,1,1,1,1,1
276,2,oki,0,0,0,0,0,0,0,0,0,0,0,0,0,0,0,0
277,3,nis,0,0,0,0,0,0,0,0,0,0,0,0,0,0,0,0
278,3,qin,0,0,0,0,0,0,0,0,0,0,0,0,0,0,0,0
279,2,tyo,0,0,0,0,0,0,0,0,0,0,0,0,0,0,0,0
280,3,nah,1,1,1,1,1,1,1,1,1,1,1,1,1,1,1,1
281,1,nti,1,1,1,1,1,1,1,1,1,1,1,1,1,1,1,1
282,2,ami,0,0,0,0,0,0,0,0,0,0,0,0,0,0,0,0
283,1,kal,0,0,0,0,0,0,0,0,0,0,0,0,0,0,0,0
284,2,yat,0,0,0,0,0,0,0,0,0,0,0,0,0,0,0,0
285,2,ama,0,0,0,0,0,0,0,0,0,0,0,0,0,0,0,0
286,2,zah,1,1,1,0,1,1,1,1,1,1,0,1,1,0,1,1
287,2,bar,0,0,0,0,0,0,0,0,0,0,0,0,0,0,0,0
288,3,yan,0,0,0,0,0,0,0,0,0,0,0,0,0,0,0,0
289,1,rah,0,1,1,1,1,1,1,1,1,1,1,1,1,1,1,1
290,2,man,0,0,0,0,0,0,0,0,0,0,0,0,0,0,0,0
291,1,nto,0,0,0,0,0,0,0,0,0,0,0,0,0,0,0,0
292,1,rah,0,1,1,1,1,1,1,1,1,1,1,1,1,1,1,1
293,2,udi,0,0,0,0,0,0,0,0,0,0,0,0,0,0,0,0
294,1,iyo,0,0,0,0,0,0,0,0,0,0,0,0,0,0,0,0
295,2,ini,0,1,1,1,1,1,1,1,1,1,1,1,1,1,1,1
296,2,kah,0,1,1,1,1,1,1,1,1,1,1,1,1,1,1,1
297,2,oho,0,0,0,0,0,0,0,0,0,0,0,0,0,0,0,0
298,3,ani,0,1,1,1,1,1,1,1,1,1,1,1,1,1,1,1
299,4,oho,0,0,0,0,0,0,0,0,0,0,0,0,0,0,0,0
300,2,ono,0,0,0,0,0,0,0,0,0,0,0,0,0,0,0,0
301,1,nah,0,1,1,1,1,1,1,1,1,1,1,1,1,1,1,1
302,2,nti,0,1,1,1,1,1,1,1,1,1,1,1,1,1,1,1
303,1,tra,0,0,0,0,0,0,0,0,0,0,0,0,0,0,0,0
304,1,ani,1,1,1,1,1,1,1,1,1,1,1,1,1,1,1,1
305,2,dea,1,1,1,1,1,1,1,1,1,1,1,1,1,1,1,1
306,2,tin,1,1,1,1,1,1,1,1,1,1,1,1,1,1,1,1
307,3,hma,1,1,1,1,1,1,1,1,1,1,1,1,1,1,1,1
308,3,ana,0,0,0,0,0,0,0,0,0,0,0,0,0,0,0,0
309,1,adi,0,0,0,0,0,0,0,0,0,0,0,0,0,0,0,0
310,1,ati,1,1,1,1,1,1,1,1,1,1,1,1,1,1,1,1
311,2,tra,0,0,0,0,0,0,0,0,0,0,0,0,0,0,0,0
312,1,nda,0,0,0,0,0,0,0,0,0,0,0,0,0,1,0,0
313,2,ani,0,0,0,0,0,0,0,0,1,0,0,1,0,0,0,1
314,1,dri,0,0,0,0,0,0,0,0,0,0,0,0,0,0,0,0
315,3,ari,1,1,1,1,1,1,1,1,1,1,1,1,1,1,1,1
316,3,han,0,0,0,0,0,0,0,0,0,0,0,0,0,0,0,0
317,1,met,0,0,0,0,0,0,0,0,0,0,0,0,0,0,0,0
318,1,rna,1,1,1,1,1,1,1,1,1,1,1,1,1,1,1,1
319,2,tia,0,0,0,0,0,0,0,0,0,0,0,0,0,0,0,0
320,1,nto,0,0,0,0,0,0,0,0,0,0,0,0,0,0,0,0
321,1,nti,1,1,1,1,1,1,1,1,1,1,1,1,1,1,1,1
322,3,tra,0,0,0,0,0,0,0,0,0,0,0,0,0,0,0,0
323,1,lla,1,1,1,1,1,1,1,1,1,1,1,1,1,1,1,1
324,2,iro,0,0,0,0,0,0,0,0,0,0,0,0,0,0,0,0
325,1,iah,1,1,1,1,1,1,1,1,1,1,1,1,1,1,1,1
326,3,oko,0,0,0,0,0,0,0,0,0,0,0,0,0,0,0,0
327,3,rya,0,0,0,0,0,0,0,0,0,0,0,0,0,0,0,0
328,3,ata,0,1,1,1,1,0,1,1,1,1,1,1,1,0,1,1
329,3,lva,1,1,1,1,1,1,1,1,1,1,1,1,1,1,1,1
330,1,oso,0,0,0,0,0,0,0,0,0,0,0,0,0,0,0,0
331,1,ati,1,1,1,1,1,1,1,1,1,1,0,1,1,1,1,1
332,3,adi,0,0,0,0,0,0,0,0,0,0,0,0,0,0,0,0
333,2,nah,1,1,1,1,1,1,1,1,1,1,1,1,1,1,1,1
334,1,oro,0,0,0,0,0,0,0,0,0,0,0,0,0,0,0,0
335,2,eni,1,1,1,1,1,1,1,1,1,1,1,1,1,1,1,1
336,3,ata,0,0,0,0,0,0,0,0,0,0,0,0,0,0,0,0
337,2,ono,0,0,0,0,0,0,0,0,0,0,0,0,0,0,0,0
338,2,ani,1,1,1,1,1,1,1,1,1,1,1,1,1,1,1,1
339,2,kti,0,0,0,0,0,0,0,0,0,0,0,0,0,0,0,0
340,2,wan,0,0,0,0,0,0,0,0,0,0,0,0,0,0,0,0
341,2,ina,1,1,1,1,1,1,1,1,1,1,1,1,1,1,1,1
342,1,met,0,0,0,0,0,0,0,0,0,0,0,0,0,0,0,0
343,1,rmi,1,1,1,0,1,1,1,1,0,1,0,1,0,0,0,0
344,3,ilo,0,0,0,0,0,0,0,0,0,0,0,0,0,0,0,0
345,1,eri,0,0,0,0,0,0,0,0,0,0,0,0,0,0,0,0
346,1,ono,0,0,0,0,0,0,0,0,0,0,0,0,0,0,0,0
347,1,yem,1,1,1,1,0,1,0,0,0,1,0,0,0,0,0,0
348,2,wan,0,0,0,0,0,0,0,0,0,0,0,0,0,0,0,0
349,3,ani,1,1,1,1,1,1,1,1,1,1,1,1,1,1,1,1
350,1,min,0,1,0,0,0,0,0,0,0,0,0,0,0,0,0,0
351,1,tun,1,1,1,1,1,1,1,1,1,0,0,1,1,1,1,1
352,2,tri,1,1,1,1,1,1,1,1,1,1,1,1,1,1,1,1
353,4,ati,1,1,1,1,1,1,1,1,1,1,1,1,1,1,1,1
354,4,man,0,0,0,0,0,0,0,0,0,0,0,0,0,0,0,0
355,1,din,0,0,0,0,0,0,0,0,0,0,0,0,0,0,0,0
356,1,rti,1,1,1,1,1,1,1,1,1,1,1,1,1,1,1,1
357,2,uzi,0,0,0,0,0,0,0,0,0,0,0,0,0,0,0,0
358,3,iah,1,1,1,1,1,1,1,1,1,1,1,1,1,1,1,1
359,3,ati,1,1,1,1,1,1,1,1,1,1,1,1,1,1,1,1
360,4,udi,0,0,0,0,0,0,0,0,0,0,0,0,0,0,0,0
361,2,koh,1,1,1,1,1,1,1,1,1,1,1,1,1,1,1,1
362,2,owi,0,0,0,0,0,0,0,0,0,0,0,0,0,0,0,0
363,3,ono,0,0,0,0,0,0,0,0,0,0,0,0,0,0,0,0
364,3,udi,0,0,0,0,0,0,0,0,0,0,0,0,0,0,0,0
365,2,lim,0,0,0,0,0,0,0,0,0,0,0,0,0,0,0,0
366,1,ana,1,1,1,1,1,1,1,1,1,1,1,1,1,1,1,1
367,2,ari,1,1,1,1,1,1,1,1,1,1,1,1,1,1,1,1
368,2,rni,1,1,1,1,1,1,1,1,1,1,1,1,1,1,1,1
369,2,ari,0,0,0,0,0,0,0,0,0,0,0,0,0,0,0,0
370,2,rya,1,0,0,0,0,0,0,0,0,0,0,0,0,0,0,0
371,1,rdi,0,0,0,0,0,0,0,0,0,0,0,0,0,0,0,0
372,1,rni,1,1,1,1,1,1,1,1,1,1,1,1,1,1,1,1
373,2,tno,0,0,0,0,0,0,0,0,0,0,0,0,0,0,0,0
374,1,ati,1,1,1,1,1,1,1,1,1,1,1,1,1,1,1,1
375,2,ari,1,1,1,1,1,1,1,1,1,1,1,1,1,1,1,1
376,1,man,0,0,0,0,0,0,0,0,0,0,0,0,0,0,0,0
377,2,sih,1,1,1,1,1,1,1,1,1,1,1,1,1,1,1,1
378,3,tra,0,0,0,0,0,0,0,0,0,0,0,0,0,0,0,0
379,3,ila,0,1,1,1,1,1,1,1,1,1,1,1,1,1,1,1
380,2,yas,0,0,0,0,0,0,0,0,0,0,0,0,0,0,0,0
381,1,ora,0,1,1,1,1,1,1,1,1,1,1,1,1,1,1,1
382,2,ina,0,1,1,1,1,1,1,1,1,1,1,1,1,1,1,1
383,2,ani,0,1,1,1,1,1,1,1,1,1,1,1,1,1,1,1
384,1,ono,0,0,0,0,0,0,0,0,0,0,0,0,0,0,0,0
385,2,aki,0,0,0,0,0,0,0,0,0,0,0,0,0,0,0,0
386,1,ini,0,1,1,1,1,1,1,1,1,1,1,1,1,1,1,1
387,4,aki,0,0,0,0,0,0,0,0,0,0,0,0,0,0,0,0
388,1,ono,0,0,0,0,0,0,0,0,0,0,0,0,0,0,0,0
389,2,lis,0,0,0,0,0,0,0,0,0,0,0,0,0,0,0,0
390,1,nto,0,0,0,0,0,0,0,0,0,0,0,0,0,0,0,0
391,1,ini,0,1,1,1,1,1,1,1,1,1,1,1,1,1,1,1
392,2,nto,0,0,0,0,0,0,0,0,0,0,0,0,0,0,0,0
393,3,uti,0,1,1,1,1,1,1,1,1,1,1,1,1,1,1,1
394,2,ika,0,1,1,1,1,1,1,1,1,1,1,1,1,1,1,1
395,1,din,0,0,0,0,0,0,0,0,0,0,0,0,0,0,0,0
396,1,nti,0,1,1,1,1,1,1,1,1,1,1,1,1,1,1,1
397,2,ari,0,1,1,1,1,1,1,1,1,1,1,1,1,1,1,1
398,2,loh,0,0,0,0,0,0,0,0,0,0,0,0,0,0,0,0
399,1,nto,0,0,0,0,0,0,0,0,0,0,0,0,0,0,0,0
400,1,ati,0,1,1,1,1,1,1,1,1,1,1,1,1,1,1,1
401,3,tyo,0,0,0,0,0,0,0,0,0,0,0,0,0,0,0,0
402,3,zky,0,1,0,0,0,0,0,1,0,0,0,0,0,0,1,0
403,1,rjo,0,0,0,0,0,0,0,0,0,0,0,0,0,0,0,0
404,1,yah,0,1,1,1,1,1,1,1,1,1,1,1,1,1,1,1
405,2,rni,0,1,1,1,1,1,1,1,1,1,1,1,1,1,1,1
406,2,tri,0,1,1,1,1,1,1,1,1,1,1,1,1,1,1,1
407,1,mun,0,0,0,0,0,0,0,0,0,0,0,0,0,0,0,0
408,1,rah,0,1,1,1,1,1,1,1,1,1,1,1,1,1,1,1
409,2,tri,0,1,1,1,1,1,1,1,1,1,1,1,1,1,1,1
410,1,rno,0,0,0,0,0,0,0,0,0,0,0,0,0,0,0,0
411,1,mah,0,1,1,1,1,1,1,1,1,1,1,1,1,1,1,1
412,2,eni,0,1,1,1,1,1,1,1,1,1,1,1,1,1,1,1
413,3,kia,0,0,0,0,1,0,1,1,1,1,1,1,1,1,1,1
414,1,iri,0,0,0,0,0,0,0,0,0,0,0,0,0,0,0,0
415,2,ani,0,1,1,1,1,1,1,1,1,1,1,1,1,1,1,1
416,2,ama,0,0,0,0,0,0,0,0,0,0,0,0,0,0,0,0
417,1,nto,0,0,0,0,0,0,0,0,0,0,0,0,0,0,0,0
418,2,ari,1,1,1,1,1,1,1,1,1,1,1,1,1,1,1,1
419,3,sih,1,1,1,1,1,1,1,1,1,1,1,1,1,1,1,1
420,3,nia,0,0,0,0,0,0,1,1,0,1,0,0,1,0,0,0
421,3,gia,1,1,1,1,1,1,1,1,1,1,1,1,1,1,1,1
422,1,nto,0,0,0,0,0,0,0,0,0,0,0,0,0,0,0,0
423,1,tin,1,1,1,1,1,1,1,1,0,1,1,1,1,1,1,1
424,2,ada,0,0,0,0,0,0,0,0,0,0,0,0,0,0,0,0
425,3,lia,1,1,1,1,1,1,1,1,1,1,1,1,1,1,1,1
426,1,uri,0,0,0,0,0,0,0,1,0,1,0,1,0,0,0,0
427,1,ran,0,0,0,0,0,0,0,0,0,0,0,0,0,0,0,0
428,1,sih,1,1,1,1,1,1,1,1,1,1,1,1,1,1,1,1
429,3,ari,1,1,1,1,1,1,1,1,1,1,1,1,1,1,1,1
430,2,ani,0,0,0,0,0,0,0,0,0,0,0,0,0,0,0,0
431,2,hin,0,0,0,0,0,0,0,0,0,0,0,0,0,0,0,0
432,1,ati,1,1,1,1,1,1,1,1,1,1,1,1,1,1,1,1
433,3,wan,0,0,0,0,0,0,0,0,0,0,0,0,0,0,0,0
434,3,ewi,1,1,1,1,1,1,1,1,1,1,1,1,1,1,1,1
435,4,dho,0,0,0,0,0,0,0,0,0,0,0,0,0,0,0,0
436,1,oho,0,0,0,0,0,0,0,0,0,0,0,0,0,0,0,0
437,1,ati,1,1,1,1,1,1,1,1,1,1,1,1,1,1,1,1
438,4,. a,1,1,1,1,1,1,1,1,1,1,1,1,1,1,1,1
439,3,ani,1,1,1,1,1,1,1,1,1,1,1,1,1,1,1,1
440,2,oso,0,0,0,0,0,0,0,0,0,0,0,0,0,0,0,0
441,1,nto,0,0,0,0,0,0,0,0,0,0,0,0,0,0,0,0
442,1,yah,1,1,1,1,1,1,1,1,1,1,1,1,1,1,1,1
443,2,ama,0,0,0,0,0,0,0,0,0,0,0,0,0,0,0,0
444,3,nda,1,1,1,1,1,1,1,1,1,1,1,1,1,1,1,1
445,1,uri,0,0,0,0,0,0,0,0,0,0,0,0,0,0,0,0
446,2,lah,1,1,1,1,1,1,1,1,1,1,1,1,1,1,1,1
447,2,oga,0,0,0,0,0,0,0,0,0,0,0,0,0,0,0,0
448,3,iza,1,1,1,1,1,1,1,1,1,1,1,1,1,1,1,1
449,2,lik,0,0,0,0,0,0,0,0,0,0,0,0,0,0,0,0
450,1,rdi,0,0,0,0,0,0,0,0,0,0,0,0,0,0,0,0
451,1,ini,1,1,1,1,1,1,1,1,1,1,1,1,1,1,1,1
452,2,tra,0,0,0,0,0,0,0,0,0,0,0,0,0,0,0,0
453,2,man,0,0,0,0,0,0,0,0,0,0,0,0,0,0,0,0
454,2,ari,1,1,1,1,1,1,1,1,1,1,1,1,1,1,1,1
455,3,nam,0,0,0,0,0,0,0,0,0,0,0,0,0,0,0,0
456,2,dah,1,1,1,1,1,1,1,1,1,1,1,1,1,1,1,1
457,1,ram,0,0,0,0,0,0,0,0,0,0,0,0,0,0,0,0
458,1,mah,1,1,1,1,1,1,1,1,1,1,1,1,1,1,1,1
459,2,wan,0,0,0,0,0,0,0,0,0,0,0,0,0,0,0,0
460,3,yat,0,0,0,0,0,0,0,0,0,0,0,0,0,0,0,0
461,2,iah,1,1,1,1,1,1,1,1,1,1,1,1,1,1,1,1
462,4,nto,0,0,0,0,0,0,0,0,0,0,0,0,0,0,0,0
463,3,rum,1,1,1,1,1,1,1,1,1,1,1,1,1,1,1,1
464,1,ono,0,0,0,0,0,0,0,0,0,0,0,0,0,0,0,0
465,2,uti,1,1,1,1,1,1,1,1,1,1,1,1,1,1,1,1
466,2,tra,0,0,0,0,0,0,0,0,0,0,0,0,0,0,0,0
467,1,iah,1,1,1,1,1,1,1,1,1,1,1,1,1,1,1,1
468,2,ani,1,1,1,1,1,1,1,1,1,1,1,1,1,1,1,1
469,2,ana,0,0,0,0,0,0,0,0,0,1,0,0,0,0,0,0
470,2,ana,0,0,0,0,0,0,0,0,0,0,0,0,0,0,0,0
471,1,adi,0,0,0,0,0,0,0,0,0,0,0,0,0,0,0,0
472,1,yah,1,1,1,1,1,1,1,1,1,1,1,1,1,1,1,1
473,2,ndi,0,0,0,0,0,0,0,0,0,0,0,0,0,0,0,0
474,2,din,0,0,0,0,0,0,0,0,0,0,0,0,0,0,0,0
475,2,leh,0,0,0,0,0,0,0,0,0,0,0,0,0,0,0,0
476,2,mah,1,1,1,1,1,1,1,1,1,1,1,1,1,1,1,1
477,2,ani,1,1,1,1,1,1,1,1,1,1,1,1,1,1,1,1
478,2,ati,1,1,1,1,1,1,1,1,1,1,1,1,1,1,1,1
479,1,oso,0,0,0,0,0,0,0,0,0,0,0,0,0,0,0,0
480,1,umi,1,0,1,1,0,1,1,1,0,1,0,0,1,1,1,1
481,2,ika,1,1,1,1,1,1,1,1,1,1,1,1,1,1,1,1
482,2,oto,0,0,0,0,0,0,0,0,0,0,0,0,0,0,0,0
483,3,esi,1,1,1,1,1,1,1,1,1,1,1,1,1,1,1,1
484,3,ama,0,0,0,0,0,0,0,0,0,0,0,0,0,0,0,0
485,1,mah,1,1,1,1,1,1,1,1,1,1,1,1,1,1,1,1
486,1,wan,0,0,0,0,0,0,0,0,0,0,0,0,0,0,0,0
487,1,ono,0,0,0,0,0,0,0,0,0,0,0,0,0,0,0,0
488,1,ati,1,1,1,1,1,1,1,1,1,1,1,1,1,1,1,1
489,3,tra,0,0,0,0,0,0,0,0,0,0,0,0,0,0,0,0
490,2,ior,0,0,0,0,0,0,0,0,0,0,0,0,0,0,0,0
491,1,tno,0,0,0,0,0,0,0,0,0,0,0,0,0,0,0,0
492,2,sah,1,1,1,1,1,1,1,1,1,1,1,1,1,1,1,1
493,2,yid,0,0,0,0,0,0,0,0,0,0,0,0,0,0,0,0
494,3,kti,0,0,0,0,0,0,0,0,0,0,0,0,0,0,0,0
495,2,tno,0,0,0,0,0,0,0,0,0,0,0,0,0,0,0,0
496,1,pah,1,1,1,1,1,1,1,1,1,1,1,1,1,1,1,1
497,2,lik,0,0,0,0,0,0,0,0,0,0,0,0,0,0,0,0
498,2,nto,0,0,0,0,0,0,0,0,0,0,0,0,0,0,0,0
499,3,yah,1,1,1,0,1,1,1,1,1,1,1,1,1,1,1,1
500,1,ofa,0,0,0,0,0,0,0,0,0,0,0,0,0,0,0,0
501,2,wan,0,0,0,0,0,0,0,0,0,0,0,0,0,0,0,0
502,2,sih,1,1,1,1,1,1,0,0,0,0,0,1,1,1,1,1
503,1,sem,1,1,1,1,1,1,1,1,1,1,1,1,1,1,0,1
504,2,odo,0,0,0,0,0,0,0,0,0,0,0,0,0,0,0,0
505,1,nto,0,0,0,0,0,0,0,0,0,0,0,0,0,0,0,0
506,2,ari,1,1,1,1,1,1,1,1,1,1,1,1,1,1,1,1
507,3,ami,0,0,0,0,0,0,0,0,0,0,0,0,0,0,0,0
508,2,tri,0,1,1,1,1,1,1,1,1,1,1,1,1,1,1,1
509,1,uro,0,0,0,0,0,0,0,0,0,0,0,0,0,0,0,0
510,1,mah,1,1,1,1,1,1,1,1,1,1,1,1,1,1,1,1
511,3,zah,1,1,1,1,1,1,1,1,1,1,1,1,1,1,1,1
512,2,win,0,0,0,0,0,0,0,0,0,0,0,0,0,0,0,0
513,2,mri,0,0,0,0,0,0,0,0,0,0,0,1,0,0,0,0
514,2,kah,1,1,1,1,1,1,1,1,1,1,1,1,1,1,1,1
515,3,tri,1,1,1,1,1,1,1,1,1,1,1,1,1,1,1,1
516,1,rno,0,0,0,0,0,0,0,0,0,0,0,0,0,0,0,0
517,1,nah,1,1,1,1,1,1,1,1,1,1,1,1,1,1,1,1
518,3,nda,0,0,0,0,0,0,0,0,0,0,0,0,0,0,0,0
519,2,uda,0,0,0,0,0,0,0,0,0,0,0,0,0,0,0,0
520,1,rah,1,1,1,1,1,1,1,1,1,1,1,1,1,1,1,1
521,2,nah,1,1,1,1,1,1,1,1,1,1,1,1,1,1,1,1
522,3,stu,0,0,0,0,0,0,0,0,0,0,0,0,0,0,0,0
523,2,nus,0,0,0,0,0,0,0,0,0,0,0,0,0,0,0,0
524,1,nah,1,1,1,1,1,1,1,1,1,1,1,1,1,1,1,1
525,2,ani,1,1,1,1,1,1,1,1,1,1,1,1,1,1,1,1
526,2,ani,1,1,1,1,1,1,1,1,1,1,1,1,1,1,1,1
527,2,tra,0,0,0,0,0,0,0,0,0,0,0,0,0,0,0,0
528,2,ini,1,1,1,1,1,1,1,1,1,1,1,1,1,1,1,1
529,2,ani,1,1,1,0,1,1,1,1,1,1,1,1,1,1,1,1
530,3,pta,0,0,0,0,0,0,0,0,0,0,0,0,0,0,0,0
531,1,nah,1,1,1,1,1,1,1,1,1,1,1,1,1,1,1,1
532,2,ana,0,0,0,0,0,0,0,0,0,0,0,0,0,0,0,0
533,1,sri,0,0,0,0,0,0,0,0,0,0,0,0,0,0,0,0
534,1,ami,1,1,0,0,0,0,0,0,0,0,0,0,0,0,0,0
535,2,nto,0,0,0,0,0,0,0,0,0,0,0,0,0,0,0,0
536,2,nti,1,1,1,1,1,1,1,1,1,1,1,1,1,1,1,1
537,1,tin,0,1,1,1,1,1,1,1,0,1,1,1,0,1,1,0
538,1,yah,1,1,1,1,1,1,1,1,1,1,1,1,1,1,1,1
539,2,din,0,0,0,0,0,0,0,0,0,0,0,0,0,0,0,0
540,2,nto,0,0,0,0,0,0,0,0,0,0,0,0,0,0,0,0
541,1,nto,0,0,0,0,0,0,0,0,0,0,0,0,0,0,0,0
542,1,ter,0,0,0,0,0,0,0,0,0,0,0,0,0,0,0,0
543,1,sih,1,1,1,1,1,1,1,1,1,1,1,1,1,1,1,1
544,2,ani,1,1,1,1,1,1,1,1,1,1,1,1,1,1,1,1
545,3,ari,1,1,1,1,1,1,1,1,1,1,1,1,1,1,1,1
546,2,min,0,0,0,0,0,0,1,0,0,0,0,0,0,0,0,0
547,1,yah,1,1,1,1,1,1,1,1,1,1,1,1,1,1,1,1
548,2,leh,0,0,0,0,0,0,0,0,0,0,0,0,0,0,0,0
549,1,jri,0,0,0,0,0,0,0,0,0,0,0,0,0,0,0,0
550,2,nah,1,1,1,1,1,1,1,1,1,1,1,1,1,1,1,1
551,3,afa,0,0,0,0,0,0,0,0,0,0,0,0,0,0,0,0
552,1,yah,0,0,0,0,0,0,0,0,0,0,0,0,0,0,0,0
553,2,nti,1,1,1,1,1,1,1,1,1,1,1,1,1,1,1,1
554,3,ssa,1,1,1,1,1,1,1,1,1,1,1,1,1,1,1,1
555,1,sal,0,0,0,0,0,0,0,0,0,0,0,0,0,0,0,0
556,2,asa,1,1,1,1,1,1,1,1,1,1,1,1,1,1,1,1
557,1,ram,0,0,0,0,0,0,0,0,0,0,0,0,0,0,0,0
558,1,jah,1,1,1,1,1,1,1,1,1,1,1,1,1,1,1,1
559,2,iti,1,1,1,0,1,1,1,1,1,1,1,1,1,1,1,1
560,2,uti,1,1,1,1,1,1,1,1,1,1,1,1,1,1,1,1
561,2,sim,0,0,0,0,0,0,0,0,0,0,0,0,0,0,0,0
562,1,iti,1,1,1,1,1,1,1,1,1,1,1,1,1,1,1,1
563,2,ari,1,1,1,1,1,1,1,1,1,1,1,1,1,1,1,1
564,1,jam,0,0,0,0,0,0,0,0,0,0,0,0,0,0,0,0
565,1,ati,1,1,1,1,1,1,1,1,1,1,1,1,1,1,1,1
566,3,rif,0,0,0,0,0,0,0,0,0,0,0,0,0,0,0,0
567,2,min,0,0,0,0,0,0,0,0,0,0,0,0,0,0,0,0
568,1,sin,0,0,0,0,0,0,0,0,0,0,0,0,0,0,0,0
569,1,gah,1,1,1,1,1,1,1,1,1,1,1,1,1,1,1,1
570,2,ron,0,0,0,0,0,0,0,0,0,0,0,0,0,0,0,0
571,2,rom,0,0,0,0,0,0,0,0,0,0,0,0,0,0,0,0
572,2,din,0,0,0,0,0,0,0,0,0,0,0,0,0,0,0,0
573,3,jah,1,1,1,1,1,1,1,1,1,1,1,1,1,1,1,1
574,2,nto,0,0,0,0,0,0,0,0,0,0,0,0,0,0,0,0
575,2,yah,1,1,1,1,1,1,1,1,1,1,1,1,1,1,1,1
576,3,a'i,0,0,0,0,0,0,0,0,0,0,0,0,0,0,0,0
577,3,man,0,0,0,0,0,0,0,0,0,0,0,0,0,0,0,0
578,2,afa,1,1,1,1,1,1,1,1,1,1,1,1,1,1,1,1
579,2,ari,0,0,0,0,0,0,0,0,0,0,0,0,0,0,0,0
580,3,diq,0,0,0,0,0,0,0,0,0,0,0,0,0,0,0,0
581,1,nto,0,0,0,0,0,0,0,0,0,0,0,0,0,0,0,0
582,1,adi,0,0,0,0,0,0,0,0,0,0,0,0,0,0,0,0
583,2,yib,0,0,0,0,0,0,0,0,0,0,0,0,0,0,0,0
584,2,ail,0,0,0,0,0,0,0,0,0,0,0,0,0,0,0,0
585,1,din,0,0,0,0,0,0,0,0,0,0,0,0,0,0,0,0
586,2,boh,1,1,0,1,0,1,1,1,1,1,1,1,1,1,1,1
587,3,dah,1,1,1,1,1,1,1,1,1,1,1,1,1,1,1,1
588,1,dik,0,0,0,0,0,0,0,0,0,0,0,0,0,0,0,0
589,2,ina,1,1,1,1,1,1,1,1,1,1,1,1,1,1,1,1
590,1,tra,0,0,0,0,0,0,0,0,0,0,0,0,0,0,0,0
591,2,ika,0,0,0,0,0,0,0,0,0,0,0,0,0,0,0,0
592,2,weh,0,0,0,0,0,0,0,0,0,0,0,0,0,0,0,0
593,2,nah,1,1,1,1,1,1,1,1,1,1,1,1,1,1,1,1
594,2,dzi,0,0,0,0,0,0,0,0,0,0,0,0,0,0,0,0
595,2,hah,1,1,1,1,1,1,1,1,1,1,1,1,1,1,1,1
596,1,din,0,0,0,0,0,0,0,0,0,0,0,0,0,0,0,0
597,2,nto,0,0,0,0,0,0,0,0,0,0,0,0,0,0,0,0
598,4,ari,0,0,0,0,0,0,0,0,0,0,0,0,0,0,0,0
599,3,ari,1,1,1,1,1,1,1,1,1,1,1,1,1,1,1,1
600,2,ido,0,0,0,0,0,0,0,0,0,0,0,0,0,0,0,0
601,2,udi,0,0,0,0,0,0,0,0,0,0,0,0,0,0,0,0
602,1,rno,0,0,0,0,0,0,0,0,0,0,0,0,0,0,0,0
603,2,ana,1,1,1,1,1,1,1,1,1,1,1,1,1,1,1,1
604,2,qih,0,0,0,0,0,0,0,0,0,0,0,0,0,0,0,0
605,1,iyo,0,0,0,0,0,0,0,0,0,0,0,0,0,0,0,0
606,2,nti,1,1,1,1,1,1,1,1,1,1,1,1,1,1,1,1
607,2,ari,1,1,1,1,1,1,1,1,1,1,1,1,1,1,1,1
608,2,uti,1,1,1,1,1,1,1,1,1,1,1,1,1,1,1,1
609,2,tri,1,1,1,1,1,1,1,1,1,1,1,1,1,1,1,1
610,1,aim,0,0,0,0,0,0,0,0,0,0,0,0,0,0,0,0
611,1,tun,1,1,1,1,1,1,1,1,1,1,1,1,1,1,1,1
612,2,ani,1,1,1,0,0,0,1,1,0,1,0,1,1,1,1,1
613,1,roh,1,1,1,1,1,1,1,1,1,1,1,1,1,1,1,1
614,2,leh,0,0,0,0,0,0,0,0,0,0,0,0,0,0,0,0
615,1,dah,1,1,1,1,1,1,1,1,1,1,1,1,1,1,1,1
616,1,nto,0,0,0,0,0,0,0,0,0,0,0,0,0,0,0,0
617,2,uni,1,1,1,1,1,1,1,1,1,1,1,1,1,1,1,1
618,3,wan,0,0,0,0,0,0,0,0,0,0,0,0,0,0,0,0
619,1,nto,0,0,0,0,0,0,0,0,0,0,0,0,0,0,0,0
620,2,ayu,1,1,1,1,1,1,1,1,1,1,1,1,1,1,1,1
621,3,ica,1,1,1,1,1,1,1,1,1,1,1,1,1,1,1,1
622,3,nto,0,0,0,0,0,0,0,0,0,0,0,0,0,0,0,0
623,2,uri,0,0,0,0,0,0,0,0,0,0,0,0,0,0,0,0
624,2,nto,0,0,0,0,0,0,0,0,0,0,0,0,0,0,0,0
625,2,ari,0,0,0,0,0,0,0,0,0,0,0,0,0,0,0,0
626,1,tno,0,0,0,0,0,0,0,0,0,0,0,0,0,0,0,0
627,1,nti,1,1,1,1,1,1,1,1,1,1,1,1,1,1,1,1
628,2,gat,0,0,0,0,0,0,0,0,0,0,0,0,0,0,0,0
629,1,ari,0,1,0,0,0,0,1,1,1,1,1,0,1,0,1,1
630,1,ten,1,0,1,0,0,0,0,0,0,0,0,1,0,1,0,1
631,2,nti,1,1,1,1,1,1,1,1,1,1,1,1,1,1,1,1
632,2,nto,0,0,0,0,0,0,0,0,0,0,0,0,0,0,0,0
633,2,iah,1,1,1,1,1,1,1,1,1,1,1,1,1,1,1,1
634,3,ita,1,1,1,1,1,1,1,1,1,1,1,1,1,1,1,1
635,1,ino,0,0,0,0,0,0,0,0,0,0,0,0,0,0,0,0
636,1,ani,1,1,1,1,1,1,1,1,0,1,0,1,1,1,1,1
637,3,nto,0,0,0,0,0,0,0,0,0,0,0,0,0,0,0,0
638,2,ati,1,1,1,1,1,1,1,1,1,1,1,1,1,1,1,1
639,1,yur,0,0,0,0,0,0,0,0,0,0,0,0,0,0,0,0
640,1,sih,1,1,1,1,1,1,1,1,1,1,1,1,1,1,1,1
641,3,tri,1,1,1,1,1,1,1,1,1,1,1,1,1,1,1,1
642,3,tri,1,1,1,1,1,1,1,1,1,1,1,1,1,1,1,1
643,3,i'i,0,0,0,0,0,0,0,0,0,0,0,0,0,0,0,0
644,1,ini,1,1,1,1,1,1,1,1,1,1,1,1,1,1,1,1
645,3,han,0,0,0,0,0,0,0,0,0,0,0,0,0,0,0,0
646,1,eri,0,0,0,0,0,0,0,0,0,0,0,1,1,0,0,0
647,1,nah,1,1,1,1,1,1,1,1,1,1,1,1,1,1,1,1
648,2,nto,0,0,0,0,0,0,0,0,0,0,0,0,0,0,0,0
649,2,nto,0,0,0,0,0,0,0,0,0,0,0,0,0,0,0,0
650,2,ana,0,0,0,0,0,0,0,0,0,0,0,0,0,0,0,0
651,1,nto,0,0,0,0,0,0,0,0,0,0,0,0,0,0,0,0
652,2,uti,1,1,1,1,1,1,1,1,1,1,1,1,1,1,1,1
653,3,ono,0,0,0,0,0,0,0,0,0,0,0,0,0,0,0,0
654,3,hyo,0,0,0,0,0,0,0,0,0,0,0,0,0,0,0,0
655,3,nur,1,1,1,1,1,1,1,1,1,1,1,1,1,1,1,1
656,1,idi,0,0,0,0,0,0,0,0,0,0,0,0,0,0,0,0
657,1,ini,1,1,1,1,1,1,1,1,1,1,1,1,1,1,1,1
658,3,ara,0,0,1,0,0,0,0,0,0,0,0,0,1,0,0,0
659,3,sti,1,1,1,1,1,1,1,1,1,1,1,1,1,1,1,1
660,3,dah,1,1,1,1,1,1,1,1,1,1,1,1,1,1,1,1
661,4,dah,1,1,1,1,1,1,1,1,1,1,1,1,1,1,1,1
662,1,man,0,0,0,0,0,0,0,0,0,0,0,0,0,0,0,0
663,1,rni,1,0,0,0,0,0,1,1,1,1,0,1,0,1,1,0
664,2,edi,0,0,0,0,0,0,0,0,0,0,0,0,0,0,0,0
665,1,rmi,1,1,1,1,1,1,0,0,1,1,0,1,0,0,1,0
666,1,rno,0,0,0,0,0,0,0,0,0,0,0,0,0,0,0,0
667,2,ria,1,1,1,1,1,1,1,1,1,1,1,1,1,1,1,1
668,3,nah,1,1,1,1,1,1,1,1,1,1,1,1,1,1,1,1
669,4,riz,0,0,0,0,0,0,0,0,0,0,0,0,0,0,0,0
670,1,int,0,1,0,0,0,0,0,1,0,1,0,1,1,0,1,1
671,2,lia,1,1,1,1,1,1,1,1,1,1,1,1,1,1,1,1
672,3,qis,1,1,1,1,1,1,1,1,1,1,1,1,1,1,1,1
673,3,fiz,0,0,0,0,0,0,0,0,0,0,0,0,0,0,0,0
674,2,dik,0,0,0,0,0,0,0,0,0,0,0,0,0,0,0,0
675,3,yah,1,1,1,1,1,1,1,1,1,1,1,1,1,1,1,1
676,2,iah,1,1,1,1,1,1,1,1,1,1,1,1,1,1,1,1
677,2,toh,1,1,1,1,1,1,1,1,1,1,1,1,1,1,1,1
678,3,lwi,0,0,0,0,0,0,0,0,0,0,0,0,0,0,0,0
679,2,yah,1,1,1,1,1,1,1,1,1,1,1,1,1,1,1,1
680,3,lwi,0,0,0,0,0,0,0,0,0,0,0,0,0,0,0,0
681,1,rno,0,0,0,0,0,0,0,0,0,0,0,0,0,0,0,0
682,1,yem,1,0,0,1,0,0,0,0,0,0,0,0,0,0,0,0
683,2,nah,1,1,1,1,1,1,1,1,1,1,1,1,1,1,1,1
684,1,nto,0,0,0,0,0,0,0,0,0,0,0,0,0,0,0,0
685,2,nti,1,1,1,1,1,1,1,1,1,1,1,1,1,1,1,1
686,3,fal,0,0,0,0,0,0,0,0,0,0,0,0,0,0,0,0
687,1,idi,0,0,0,0,0,0,0,0,0,0,0,0,0,0,0,0
688,1,iah,1,1,1,1,1,1,1,1,1,1,1,1,1,1,1,1
689,1,aty,1,1,1,1,1,1,1,1,1,1,1,1,1,1,1,1
690,1,jan,0,0,0,0,0,0,0,0,0,0,0,0,0,0,0,0
691,1,rmi,1,1,1,1,1,1,0,0,1,1,0,1,0,0,1,0
692,2,nap,1,1,1,1,1,1,1,1,1,1,1,1,1,1,1,1
693,1,kin,0,0,0,0,0,0,0,0,0,0,0,0,0,0,0,0
694,2, ud,0,0,0,0,0,0,0,0,0,0,0,0,0,0,0,0
695,1,nem,1,0,0,0,0,0,1,0,0,1,0,1,1,1,1,1
696,2,i'i,0,0,0,0,0,0,0,0,0,0,0,0,0,0,0,0
697,2,him,0,0,0,0,0,0,0,0,0,0,0,0,0,0,0,0
698,2,kah,1,1,1,1,1,1,1,1,1,1,1,0,0,0,0,1
699,2,zah,1,1,1,1,1,1,1,1,1,1,1,1,1,1,1,1
700,1,lan,0,0,0,0,0,0,0,0,0,0,0,0,0,0,0,0
701,1,tri,1,1,1,1,1,1,1,1,1,1,1,1,1,1,1,1
702,2,ati,1,1,1,1,1,1,1,1,1,1,1,1,1,1,1,1
703,3,ati,1,1,1,1,1,1,1,1,1,1,1,1,1,1,1,1
704,1,ari,1,1,1,1,1,1,1,1,1,1,1,1,1,1,1,1
705,2,udi,0,0,0,0,0,0,0,0,0,0,0,0,0,0,0,0
706,2,ati,1,1,1,1,1,1,1,1,1,1,1,1,1,1,1,1
707,2,roh,1,1,1,1,1,1,1,1,1,1,1,1,1,1,1,1
708,2,kha,1,1,1,1,1,1,1,1,1,1,1,1,1,1,1,1
709,2,ono,0,0,0,0,0,0,0,0,0,0,0,0,0,0,0,0
710,2,eha,1,1,1,1,1,1,1,1,1,1,1,1,1,1,1,1
711,4,yza,0,0,0,0,0,0,0,0,0,0,0,0,0,0,0,0
712,2,oro,0,0,0,0,0,0,0,0,0,0,0,0,0,0,0,0
713,1,man,0,0,0,0,0,0,0,0,0,0,0,0,0,0,0,0
714,1,tun,1,1,0,0,0,0,0,0,0,0,0,0,0,0,0,0
715,2,nda,1,1,1,1,1,1,1,1,1,1,1,1,1,1,1,1
716,1,min,0,1,0,0,1,0,0,0,0,0,0,1,0,0,1,1
717,1,iri,1,1,0,0,0,0,1,1,1,0,1,0,0,1,0,0
718,2,dan,0,1,0,1,1,1,1,0,1,1,1,1,1,1,1,1
719,2,yat,0,0,0,0,0,0,0,0,0,0,0,0,0,0,0,0
720,2,adi,0,0,0,0,0,0,0,0,0,0,0,0,0,0,0,0
721,1,iah,1,1,1,1,1,1,1,1,1,1,1,1,1,1,1,1
722,2,ari,1,1,1,1,1,1,1,1,1,1,1,1,1,1,1,1
723,2,fah,1,1,1,1,1,1,1,1,1,1,1,1,1,1,1,1
724,3,man,0,0,0,0,0,0,0,0,0,0,0,0,0,0,0,0
725,2,tra,0,0,0,0,0,0,0,0,0,0,0,0,0,0,0,0
726,2,ati,1,1,1,1,1,1,1,1,1,1,1,1,1,1,1,1
727,2,tra,0,0,0,0,0,0,0,0,0,0,0,0,0,0,0,0
728,3,ati,1,1,1,1,1,1,1,1,1,1,1,1,1,1,1,1
729,2,wan,0,0,0,0,0,0,0,0,0,0,0,0,0,0,0,0
730,2,ani,1,1,1,1,1,1,1,1,1,1,1,1,1,1,1,1
731,4,. s,1,1,1,1,1,1,1,1,1,1,1,1,1,1,1,1
732,1,man,0,0,0,0,0,0,0,0,0,0,0,0,0,0,0,0
733,1,rti,1,1,1,1,1,1,1,1,1,1,1,1,1,1,1,1
734,1,ati,1,1,1,1,1,1,1,1,1,1,1,1,1,1,1,1
735,1,ani,1,1,1,1,1,1,1,1,1,1,1,1,1,1,1,1
736,2,tra,0,0,0,0,0,0,0,0,0,0,0,0,0,0,0,0
737,1,ani,1,1,1,1,1,1,1,1,1,1,1,1,1,1,1,1
738,2,mar,0,0,1,1,0,1,0,0,0,0,0,1,0,0,0,0
739,1,man,0,0,0,0,0,0,0,0,0,0,0,0,0,0,0,0
740,2,hid,0,0,0,0,0,0,0,0,0,0,0,0,0,0,0,0
741,2,roh,1,1,1,1,1,1,1,1,1,1,1,1,1,1,1,1
742,2,wan,0,0,0,0,0,0,0,0,0,0,0,0,0,0,0,0
743,2,ila,1,1,1,1,1,1,1,1,1,1,1,1,1,1,1,1
744,2,kir,0,0,0,0,0,0,0,0,0,0,0,0,0,0,0,0
745,2,sah,0,0,0,0,0,0,0,0,0,0,0,0,0,0,0,0
746,1,ziz,0,0,0,0,0,0,0,0,0,0,0,0,0,0,0,0
747,1,oto,0,0,0,0,0,0,0,0,0,0,0,0,0,0,0,0
748,1,nar,1,0,1,0,1,0,1,0,1,1,0,0,0,0,0,0
749,2,nto,0,0,0,0,0,0,0,0,0,0,0,0,0,0,0,0
750,2,nto,0,0,0,0,0,0,0,0,0,0,0,0,0,0,0,0
751,2,nab,1,1,1,1,1,1,1,1,1,1,1,1,1,1,1,1
752,3,aya,0,0,0,0,0,0,0,0,0,0,0,0,0,0,0,0
753,1,min,0,1,0,0,0,0,0,0,0,0,0,1,0,0,1,0
754,1,ari,1,1,1,1,1,1,1,1,1,1,1,1,1,1,1,1
755,3,fur,0,0,0,0,0,0,0,0,0,0,0,0,0,0,0,0
756,2,tra,0,1,0,0,0,0,0,0,0,0,0,0,0,0,0,0
757,2,ari,1,1,1,1,1,1,1,1,1,1,1,1,1,1,1,1
758,1,iur,0,0,0,0,0,0,0,0,0,0,0,0,0,0,0,0
759,2,nti,1,1,1,1,1,1,1,1,1,1,1,1,1,1,1,1
760,3,ika,1,1,1,1,1,1,1,1,1,1,1,1,1,1,1,1
761,4,ens,0,0,0,0,0,0,0,0,0,0,0,0,0,0,0,0
762,2,lah,0,0,0,0,0,0,0,0,0,0,0,0,0,0,0,1
763,2,ini,1,1,1,1,1,1,1,1,1,1,1,1,1,1,1,1
764,1,man,0,0,0,0,0,0,0,0,0,0,0,0,0,0,0,0
765,3,tri,1,1,1,1,1,1,1,1,1,1,1,1,1,1,1,1
766,1,uyo,0,0,0,0,0,0,0,0,0,0,0,0,0,0,0,0
767,1,ini,1,1,1,1,1,1,1,1,1,1,1,1,1,1,1,1
768,2,eli,1,1,1,1,1,1,1,1,1,0,0,1,1,1,1,1
769,1,nto,0,0,0,0,0,0,0,0,0,0,0,0,0,0,0,0
770,1,ani,1,1,1,1,1,1,1,1,1,1,1,1,1,1,1,1
771,3,zka,1,0,0,0,0,0,1,1,1,0,0,1,0,0,1,0
772,3,nah,1,1,1,1,1,1,1,1,1,1,1,1,1,1,1,1
773,3,tra,0,0,0,0,0,0,0,0,0,0,0,0,0,0,0,0
774,3,ani,1,1,1,1,1,1,1,1,1,1,1,1,1,1,1,1
775,3,oso,0,0,0,0,0,0,0,0,0,0,0,0,0,0,0,0
776,1,han,0,0,0,0,0,0,0,0,0,0,0,0,0,0,0,0
777,1,dah,1,1,1,1,1,1,1,1,1,1,1,1,1,1,1,1
778,3,tra,0,0,0,0,0,0,0,0,0,0,0,0,0,0,0,0
779,2,ela,1,1,1,1,1,1,1,1,1,1,1,1,1,1,1,1
780,1,han,0,0,0,0,0,0,0,0,0,0,0,0,0,0,0,0
781,1,ani,1,1,1,1,1,1,1,1,1,1,1,1,1,1,1,1
782,3,'in,0,0,0,0,0,0,0,0,0,0,0,0,0,0,0,0
783,3,wan,0,0,0,0,0,0,0,0,0,0,0,0,0,0,0,0
784,3,ini,1,1,1,1,1,1,1,1,1,1,1,1,1,1,1,1
785,1,rno,0,0,0,0,0,0,0,0,0,0,0,0,0,0,0,0
786,1,ini,1,1,1,1,1,1,1,1,0,1,0,1,1,1,1,1
787,1,ito,0,0,0,0,0,0,0,0,0,0,0,0,0,0,0,0
788,3,sih,1,1,1,1,1,1,1,1,1,1,1,1,1,1,1,1
789,1,kun,0,0,0,0,0,0,0,0,0,0,0,0,0,0,0,0
790,1,iti,1,1,1,1,1,1,1,1,1,1,1,1,1,1,1,1
791,2,adi,0,0,0,0,0,0,0,0,0,0,0,0,0,0,0,0
792,2,ani,1,1,1,1,1,1,1,1,1,1,1,1,1,1,1,1
793,3,odo,0,0,0,0,0,0,0,0,0,0,0,0,0,0,0,0
794,1,man,0,0,0,0,0,0,0,0,0,0,0,0,0,0,0,0
795,1,nem,1,0,0,0,0,0,1,0,1,1,0,1,1,1,1,1
796,1,ali,0,0,0,0,0,0,0,0,0,0,0,0,0,0,0,0
797,2,ani,1,1,1,1,1,1,1,1,1,1,1,1,1,1,1,1
798,1,tno,0,0,0,0,0,0,0,0,0,0,0,0,0,0,0,0
799,1,sah,1,1,0,0,0,0,1,1,0,1,1,0,0,0,1,0
800,3,sah,1,1,1,1,1,1,1,1,1,1,1,1,1,1,1,1
801,3,tri,1,1,1,1,1,1,1,1,1,1,1,1,1,1,1,1
802,3,tra,0,0,0,0,0,0,0,0,0,0,0,0,0,0,0,0
803,1,din,0,0,0,0,0,1,0,0,0,0,0,0,1,1,0,1
804,1,rti,1,1,1,1,1,1,1,1,1,1,1,1,1,1,1,1
805,3,tra,0,0,0,0,0,0,0,0,0,0,0,0,0,0,0,0
806,3,lah,0,0,0,0,0,0,0,0,0,0,0,0,0,0,0,0
807,3,tya,0,0,0,0,0,0,0,0,0,0,0,0,0,0,0,0
808,1,din,0,0,0,0,0,0,0,0,0,0,0,0,0,0,0,0
809,1,wen,1,0,0,1,0,0,0,0,0,0,0,0,0,0,0,0
810,4,' i,0,0,0,0,0,0,0,0,0,0,0,0,0,0,0,0
811,1,rti,1,1,1,1,1,1,1,1,1,1,1,1,1,1,1,1
812,2,ana,0,0,0,0,0,0,0,0,0,0,0,0,0,0,0,0
813,3,a'i,0,0,0,0,0,0,0,0,0,0,0,0,0,0,0,0
814,1,idi,0,0,0,0,0,0,0,0,0,0,0,0,0,0,0,0
815,1,jem,1,0,0,1,0,0,0,0,0,0,0,0,0,0,0,0
816,1,lim,0,0,0,0,0,0,0,0,0,0,0,0,0,0,0,0
817,1,ini,1,1,1,1,1,1,1,0,0,0,0,1,1,1,1,1
818,1,met,0,0,0,0,0,0,0,0,0,0,0,0,0,0,0,0
819,2,ati,1,1,1,1,1,1,1,1,1,1,1,1,1,1,1,1
820,2,wan,0,0,0,0,0,0,0,0,0,0,0,0,0,0,0,0
821,4,ndi,0,0,0,0,0,0,0,0,0,0,0,0,0,0,0,0
822,1,nto,0,0,0,0,0,0,0,0,0,0,0,0,0,0,0,0
823,2,ini,1,1,1,1,1,1,1,1,1,1,1,1,1,1,1,1
824,2,ani,1,1,1,1,1,1,1,1,1,1,1,1,1,1,1,1
825,3,aqi,0,0,0,0,0,0,0,0,0,0,0,0,0,0,0,0
826,1,ono,0,0,0,0,0,0,0,0,0,0,0,0,0,0,0,0
827,1,ani,1,1,1,1,1,1,1,1,1,1,1,1,1,1,1,1
828,3,tra,0,0,0,0,0,0,0,0,0,0,0,0,0,0,0,0
829,3,hra,1,1,1,1,1,1,1,1,1,1,1,1,1,1,1,1
830,2,nus,0,0,0,0,0,0,0,0,0,0,0,0,0,0,0,0
831,2,eni,1,1,1,1,1,0,1,1,1,1,0,1,1,1,1,1
832,2,sya,1,1,1,1,1,1,1,1,1,1,1,1,1,1,1,1
833,3,ndo,0,0,0,0,0,0,0,0,0,0,0,0,0,0,0,0
834,1,rni,1,1,1,1,1,1,1,1,1,1,1,1,1,1,1,1
835,2,ila,0,0,0,0,0,0,0,0,0,0,0,0,0,0,0,0
836,1,han,0,0,0,0,0,0,0,0,0,0,0,0,0,0,0,0
837,2,dia,1,1,1,1,1,1,1,1,1,1,1,1,1,1,1,1
838,2,ira,1,1,1,1,1,1,1,1,1,1,1,1,1,1,1,1
839,2,ndi,0,0,0,0,0,0,0,0,0,0,0,0,0,0,0,0
840,1,rto,0,0,0,0,0,0,0,0,0,0,0,0,0,0,0,0
841,1,ini,1,1,1,1,1,1,1,1,1,1,1,1,1,1,1,1
842,2,ari,1,1,1,1,1,1,1,1,1,1,1,1,1,1,1,1
843,2,din,0,0,0,0,0,0,0,0,0,0,0,0,0,0,0,0
844,1,adi,0,0,0,0,0,0,0,0,0,0,0,0,0,0,0,0
845,1,iah,1,1,1,1,1,1,1,1,1,1,1,1,1,1,1,1
846,2,nto,0,0,0,0,0,0,0,0,0,0,0,0,0,0,0,0
847,2,adi,0,0,0,0,0,0,0,0,0,0,0,0,0,0,0,0
848,1,man,0,0,0,0,0,0,0,0,0,0,0,0,0,0,0,0
849,1,ini,1,1,1,1,1,1,1,1,1,1,1,1,1,1,1,1
850,3,izi,0,0,0,0,0,0,0,0,0,0,0,0,0,0,0,0
851,1,rul,0,0,0,0,0,0,0,0,0,0,0,0,0,0,0,0
852,1,nem,1,0,1,0,0,0,0,0,0,0,0,1,0,1,0,0
853,3,ari,1,1,1,1,1,1,1,1,1,1,1,1,1,1,1,1
854,4,zah,1,1,1,1,1,1,1,1,1,1,1,1,1,1,1,1
855,1,sin,0,0,0,0,0,0,0,0,0,0,0,0,0,0,0,0
856,1,ino,0,0,0,0,0,0,0,0,0,0,0,0,0,0,0,0
857,1,ati,1,1,1,1,1,1,1,1,1,1,1,1,1,1,1,1
858,2,nti,1,1,1,1,1,1,1,1,1,1,1,1,1,1,1,1
859,3,ari,1,1,1,1,1,1,1,1,1,1,1,1,1,1,1,1
860,1,sno,0,0,0,0,0,0,0,0,0,0,0,0,0,0,0,0
861,1,ena,1,1,1,1,1,1,1,1,1,1,1,1,1,1,1,1
862,2,lah,0,0,0,0,0,0,0,0,0,0,0,0,0,0,0,0
863,2,ara,1,1,1,1,1,1,1,1,1,1,1,1,1,1,1,1
864,1,pto,0,0,0,0,0,0,0,0,0,0,0,0,0,0,0,0
865,1,sih,1,1,1,1,1,1,1,1,1,1,1,1,1,1,1,1
866,2,ana,0,0,0,0,0,0,0,0,0,0,0,0,0,0,0,0
867,2,sah,1,1,1,1,1,1,1,1,1,1,1,1,1,1,1,1
868,2,lah,0,0,0,0,0,0,0,0,0,0,0,0,0,0,0,0
869,2,bah,1,1,1,1,1,1,1,1,1,1,1,1,1,1,1,1
870,3,ath,0,0,0,0,0,0,0,0,0,0,0,0,0,0,0,0
871,3,jib,0,0,0,0,0,0,0,0,0,0,0,0,0,0,0,0
872,1,sno,0,0,0,0,0,0,0,0,0,0,0,0,0,0,0,0
873,1,ati,1,1,1,1,1,1,1,1,1,1,1,1,1,1,1,1
874,2,yah,0,0,0,0,0,0,0,0,0,0,0,0,0,0,0,0
875,3,aki,1,1,1,1,1,1,1,1,1,1,1,1,1,1,1,1
876,3,yah,0,0,0,0,0,0,0,0,0,0,0,0,0,0,0,0
877,2,ati,1,1,1,1,1,1,1,1,1,1,1,1,1,1,1,1
878,2,ati,1,1,1,1,1,1,1,1,1,1,1,1,1,1,1,1
879,3,kar,1,1,1,1,1,1,1,1,1,1,1,1,1,1,1,1
880,2,omi,0,0,0,0,0,0,0,0,0,0,0,0,0,0,0,0
881,1,ola,1,1,0,1,1,1,0,1,0,0,0,0,0,1,1,1
882,3,sya,1,1,1,1,1,1,1,1,1,1,1,1,1,1,1,1
883,3,zza,1,1,0,1,1,1,1,1,1,1,1,1,1,1,1,1
884,1,min,0,0,0,0,0,0,0,0,0,0,0,0,0,0,0,0
885,1,lia,1,1,1,1,1,1,1,1,1,1,1,1,1,1,1,1
886,3,sby,0,0,0,0,0,0,0,0,0,0,0,0,0,0,0,0
887,1,ail,0,0,0,0,0,0,0,0,0,0,0,0,0,0,0,0
888,1,ati,1,1,1,1,1,1,1,1,1,1,1,1,1,1,1,1
889,2,kin,0,0,0,0,0,0,1,0,0,1,0,0,0,0,0,1
890,2,any,0,0,0,0,0,0,0,0,0,0,0,0,0,0,0,0
891,3,lia,1,1,1,1,1,1,1,1,1,1,1,1,1,1,1,1
892,1,met,0,0,0,0,0,0,0,0,0,0,0,0,0,0,0,0
893,2,ati,1,1,1,1,1,1,1,1,1,1,1,1,1,1,1,1
894,3,tta,0,0,0,0,0,0,0,0,0,0,0,0,0,0,0,0
895,1,rno,0,0,0,0,0,0,0,0,0,0,0,0,0,0,0,0
896,2,ini,1,1,1,1,1,1,1,1,1,1,1,1,1,1,1,1
897,4,ari,1,1,1,1,1,1,1,1,1,1,1,1,1,1,1,1
898,3,ita,1,1,1,1,1,1,1,1,1,1,1,1,1,1,1,1
899,1,ari,0,1,0,0,1,1,0,0,0,0,0,0,0,0,0,0
900,2,ati,1,1,1,1,1,1,1,1,1,1,1,1,1,1,1,1
901,2,isa,1,1,1,1,1,1,1,1,1,1,1,1,1,1,1,1
902,3,nta,1,1,1,1,1,1,1,1,1,1,1,1,1,1,1,1
903,1,ati,1,1,1,1,1,1,1,1,1,1,1,1,1,1,1,1
904,1,rja,0,0,0,0,0,1,0,0,1,0,0,0,0,0,0,0
905,1,ati,1,1,1,1,1,1,1,1,1,1,1,1,1,1,1,1
906,1,nto,0,0,0,0,0,0,0,0,0,0,0,0,0,0,0,0
907,1,nto,0,0,0,0,0,0,0,0,0,0,0,0,0,0,0,0
908,2,mah,1,1,1,1,1,1,1,1,1,1,1,1,1,1,1,1
909,3,yah,0,0,0,0,0,0,0,0,0,0,0,0,0,0,0,0
910,3,wan,0,0,0,0,0,0,0,0,0,0,0,0,0,0,0,0
911,1,dri,0,0,0,0,0,0,0,0,0,1,0,0,0,0,0,0
912,1,roh,1,1,1,1,1,1,1,1,1,1,1,1,1,1,1,1
913,2,ani,1,1,1,1,1,1,1,1,1,1,1,1,1,1,1,1
914,2,adi,0,0,0,0,0,0,0,0,0,0,0,0,0,0,0,0
915,1,adi,0,0,0,0,0,0,0,0,0,0,0,0,0,0,0,0
916,1,ani,1,1,1,1,1,1,1,1,1,1,1,1,1,1,1,1
917,3,ati,1,1,1,1,1,1,1,1,1,1,1,1,1,1,1,1
918,2,ani,1,1,1,1,1,1,1,1,1,1,1,1,1,1,1,1
919,1,ono,0,0,0,0,0,0,0,0,0,0,0,0,0,0,0,0
920,1,ini,1,1,1,1,1,1,1,1,1,1,1,1,1,1,1,1
921,3,rul,0,0,0,0,0,0,0,0,0,0,0,0,0,0,0,0
922,2,ari,1,1,1,1,1,1,1,1,1,1,1,1,1,1,1,1
923,3,ndi,0,0,0,0,0,0,0,0,0,0,0,0,0,0,0,0
924,2,ndi,0,0,0,0,0,0,0,0,0,0,0,0,0,0,0,0
925,2,ito,0,0,0,0,0,0,0,0,0,0,0,0,0,0,0,0
926,1,ini,1,1,1,1,1,1,1,1,1,1,0,1,1,0,1,1
927,3,ayu,1,1,1,1,1,1,1,1,1,1,1,1,1,1,1,1
928,2,zal,0,0,0,0,0,0,0,0,0,0,0,0,0,0,0,0
929,2,rti,1,1,1,1,1,1,1,1,1,1,1,1,1,1,1,1
930,1,yah,0,0,0,0,0,0,0,0,0,0,0,0,0,0,0,0
931,2,ati,1,1,1,1,1,1,1,1,1,1,1,1,1,1,1,1
932,2,zah,0,0,0,0,0,0,0,0,0,0,0,0,0,0,0,0
933,1,ewi,1,1,1,1,1,1,1,1,1,1,1,1,1,1,1,1
934,2,sma,1,1,1,1,1,1,1,1,1,1,1,1,1,1,1,1
935,3,aus,0,0,0,0,0,0,0,0,0,0,0,0,0,0,0,0
936,3,ara,1,1,1,1,1,1,0,1,1,1,1,1,1,0,1,1
937,1,din,0,0,0,0,0,0,0,0,0,0,0,0,0,0,0,0
938,1,ebo,0,0,0,0,0,0,0,0,0,0,0,0,0,0,0,0
939,1,sih,1,0,0,1,0,0,1,0,0,1,1,0,1,1,1,0
940,2,aji,0,0,0,0,0,0,0,0,0,0,0,0,0,0,0,0
941,2,ziz,0,0,0,0,0,0,0,0,0,0,0,0,0,0,0,0
942,2,uma,0,0,0,0,0,0,0,0,0,0,0,0,0,0,0,0
943,2,ati,1,1,1,1,1,1,1,1,1,1,1,1,1,1,1,1
944,2,tra,0,0,0,0,0,0,0,0,0,0,0,0,0,0,0,0
945,1,sim,0,0,0,0,0,0,0,0,0,0,0,0,0,0,0,0
946,1,ini,1,1,1,1,1,1,1,1,1,1,1,1,1,1,1,1
947,2,sih,1,1,1,1,1,1,1,1,1,1,1,1,1,1,1,1
948,2,wan,0,0,0,0,0,0,0,0,0,0,0,0,0,0,0,0
949,2,kha,0,0,0,0,0,0,0,0,0,0,0,0,0,0,0,0
950,2,nto,0,0,0,0,0,0,0,0,0,0,0,0,0,0,0,0
951,2,nto,0,0,0,0,0,0,0,0,0,0,0,0,0,0,0,0
952,2,ani,1,1,1,1,1,1,1,1,1,1,1,1,1,1,1,1
953,3,sha,1,1,1,1,1,1,1,1,1,1,1,1,1,1,1,1
954,1,rom,0,0,0,0,0,0,0,0,0,0,0,0,0,0,0,0
955,1,yah,1,1,1,1,1,1,1,1,1,1,1,1,1,1,1,1
956,2,roh,1,1,1,1,1,1,1,1,1,1,1,1,1,1,1,1
957,2,lbi,0,0,0,0,0,0,0,0,0,0,0,0,0,0,0,0
958,3,hri,0,0,0,0,0,0,0,0,0,0,0,0,0,0,0,0
959,2,roh,1,1,1,1,1,1,1,1,1,1,1,1,1,1,1,1
960,4,yah,0,0,0,0,0,0,0,0,0,0,0,0,0,0,0,0
961,1,min,0,0,0,0,0,0,0,0,0,0,0,0,0,0,0,0
962,2,yah,1,1,1,1,1,1,1,1,1,1,1,1,1,1,1,1
963,3,lif,0,0,0,0,0,0,0,0,0,0,0,0,0,0,0,0
964,1,nti,1,1,1,1,1,1,1,1,1,1,1,1,1,1,1,1
965,2,oro,0,0,0,0,0,0,0,0,0,0,0,0,0,0,0,0
966,2,lah,0,0,0,0,0,0,0,0,0,0,0,0,0,0,0,0
967,2,nti,1,1,1,1,1,1,1,1,1,1,1,1,1,1,1,1
968,1,ury,1,0,1,1,1,1,1,1,0,1,1,1,0,1,1,1
969,2,mes,0,0,0,0,0,0,0,0,0,0,0,0,0,0,0,0
970,1,rah,1,1,1,1,1,1,1,1,1,1,1,1,1,1,1,1
971,2,opo,0,0,0,0,0,0,0,0,0,0,0,0,0,0,0,0
972,2,nah,1,1,1,1,1,1,1,1,1,1,1,1,1,1,1,1
973,1,sah,1,1,1,1,1,1,1,1,1,1,1,1,1,1,1,1
974,1,pin,0,0,0,0,0,0,0,0,0,0,0,1,0,0,0,1
975,2,lim,0,0,0,0,0,0,0,0,0,0,0,0,0,0,0,0
976,1,sni,0,1,1,1,1,1,1,1,1,1,1,1,1,1,1,1
977,1,tin,1,1,1,1,1,1,1,1,0,1,1,1,1,1,1,1
978,2,ari,1,1,1,1,1,1,1,1,1,1,1,1,1,1,1,1
979,2,ani,0,0,0,0,0,0,0,0,0,0,0,0,0,0,0,0
980,2,ndi,0,0,0,0,0,0,0,0,0,0,0,0,0,0,0,0
981,1,hid,0,0,0,0,0,0,0,0,0,0,0,0,0,0,0,0
982,2,yah,1,1,1,1,1,1,1,1,1,1,1,1,1,1,1,1
983,2,uda,0,0,0,0,0,0,0,0,0,0,0,0,0,0,0,0
984,2,nah,1,1,1,1,1,1,1,1,1,1,1,1,1,1,1,1
985,2,din,0,0,0,0,0,0,0,0,0,0,0,0,0,0,0,0
986,1,yah,1,1,1,1,1,1,1,1,1,1,1,1,1,1,1,1
987,1,man,0,0,0,0,0,0,0,0,0,0,0,0,0,0,0,0
988,1,nah,1,1,1,1,1,1,1,1,1,1,1,1,1,1,1,1
989,1,ati,1,1,1,1,1,1,1,1,1,1,1,1,1,1,1,1
990,2,lia,1,1,1,1,1,1,1,1,1,1,1,1,1,1,1,1
991,1,adi,0,0,0,0,0,0,0,0,0,0,0,0,0,0,0,0
992,2,nto,0,0,0,0,0,0,0,0,0,0,0,0,0,0,0,0
993,2,ati,1,1,1,1,1,1,1,1,1,1,1,1,1,1,1,1
994,3,ana,1,1,1,1,1,1,1,1,1,1,1,1,1,1,1,1
995,2,ani,0,0,0,0,0,0,0,0,0,0,0,0,0,0,0,0
996,1,ino,0,0,0,0,0,0,0,0,0,0,0,0,0,0,0,0
997,2,eki,1,1,1,1,1,1,1,1,1,1,1,1,1,1,1,1
998,2,yah,0,0,0,0,0,0,0,0,0,0,0,0,0,0,0,0
999,1,ono,0,0,0,0,0,0,0,0,0,0,0,0,0,0,0,0
1000,1,ati,1,1,1,1,1,1,1,1,1,1,1,1,1,1,1,1
1001,2,nto,0,0,0,0,0,0,0,0,0,0,0,0,0,0,0,0
1002,3,ati,1,1,1,1,1,1,1,1,1,1,1,1,1,1,1,1
1003,1,lan,0,0,0,0,0,1,0,0,0,0,0,0,0,0,0,0
1004,1,ina,1,1,1,1,1,1,1,1,1,1,1,1,1,1,1,1
1005,2,wan,0,0,0,0,0,0,0,0,0,0,0,0,0,0,0,0
1006,2,hah,1,1,1,1,1,1,1,1,1,1,1,1,1,1,1,1
1007,2,nto,0,0,0,0,0,0,0,0,0,0,0,0,0,0,0,0
1008,1,rti,1,1,1,1,1,1,1,1,1,1,1,1,1,1,1,1
1009,3,adi,1,1,1,1,1,1,1,1,1,1,1,1,1,1,1,1
1010,2,ilo,0,0,0,0,0,0,0,0,0,0,0,0,0,0,0,0
1011,2,nti,1,1,1,1,1,1,1,1,1,1,1,1,1,1,1,1
1012,4,ati,1,1,1,1,1,1,1,1,1,1,1,1,1,1,1,1
1013,1,man,0,0,0,0,0,0,0,0,0,0,0,0,0,0,0,0
1014,1,tun,1,1,1,1,1,1,1,1,1,1,1,1,1,1,1,1
1015,2,lah,1,0,0,1,1,0,1,1,1,1,1,1,1,1,1,1
1016,2,man,0,0,0,0,0,0,0,0,0,0,0,0,0,0,0,0
1017,2,uri,0,0,0,0,0,0,0,0,0,0,0,0,0,0,0,0
1018,2,ini,1,1,1,1,1,1,1,1,1,1,1,1,1,1,1,1
1019,3,ini,1,1,1,1,1,1,1,1,1,1,1,1,1,1,1,1
1020,3,hma,1,1,1,1,1,1,1,1,1,1,1,1,1,1,1,1
1021,3,qih,0,0,0,0,0,0,0,0,0,0,0,0,0,0,0,0
1022,3,ika,1,1,1,1,1,1,1,1,1,1,1,1,1,1,1,1
1023,1,lal,0,0,0,0,0,0,0,0,0,0,0,0,0,0,0,0
1024,2,ani,1,1,1,1,1,1,1,1,1,1,1,1,1,1,1,1
1025,3,ana,0,0,0,0,0,0,0,0,0,0,0,0,0,0,0,0
1026,3,ini,1,1,1,1,1,1,1,1,1,1,1,1,1,1,1,1
1027,3,ina,1,1,1,1,1,1,1,1,1,1,1,1,1,1,1,1
1028,3,ika,1,1,1,1,1,1,1,1,1,1,1,1,1,1,1,1
1029,1,uri,0,0,0,0,0,0,0,0,0,0,0,0,0,0,0,0
1030,1,ani,1,1,1,1,1,1,1,1,1,1,1,1,1,1,1,1
1031,2,nti,1,1,1,1,1,1,1,1,1,1,1,1,1,1,1,1
1032,1,man,0,1,0,1,0,0,0,0,0,0,0,0,0,0,0,0
1033,1,ati,1,1,1,1,1,1,1,1,1,1,1,1,1,1,1,1
1034,2,man,0,0,0,0,0,0,0,0,0,0,0,0,0,0,0,0
1035,3,tri,1,1,1,1,1,1,1,1,1,1,1,1,1,1,1,1
1036,1,djo,0,0,0,0,0,0,0,0,0,0,0,0,0,0,0,0
1037,1,rni,1,1,1,1,1,1,1,1,1,1,1,1,1,1,1,1
1038,2,ati,1,1,1,1,1,1,1,1,1,1,1,1,1,1,1,1
1039,3,ari,1,1,1,1,1,1,1,1,1,1,1,1,1,1,1,1
1040,1,wan,0,0,0,0,0,0,0,0,0,0,0,0,0,0,0,0
1041,2,kah,1,1,1,1,1,1,1,1,1,1,1,1,1,1,1,1
1042,1,rti,1,1,1,1,1,1,1,1,1,1,1,1,1,1,1,1
1043,3,han,0,0,0,0,0,0,0,0,0,0,0,0,0,0,0,0
1044,3,wan,0,0,0,0,0,0,0,0,0,0,0,0,0,0,0,0
1045,2,ona,0,0,0,0,0,0,0,0,0,0,0,0,0,0,0,0
1046,1,omo,0,0,0,0,0,0,0,0,0,0,0,0,0,0,0,0
1047,1,yem,1,0,1,1,1,1,1,0,1,1,0,1,1,1,1,1
1048,2,nto,0,0,0,0,0,0,0,0,0,0,0,0,0,0,0,0
1049,2,gas,0,1,0,0,0,0,0,0,0,0,0,0,0,0,0,0
1050,1,ati,1,1,1,1,1,1,1,1,1,1,1,1,1,1,1,1
1051,2,roh,1,1,1,1,1,1,1,1,1,1,1,1,1,1,1,1
1052,1,man,0,0,0,0,0,0,0,0,0,0,0,0,0,0,0,0
1053,1,rah,1,1,1,1,1,1,1,1,1,1,1,1,1,1,1,1
1054,2,nto,0,0,0,0,0,0,0,0,0,0,0,0,0,0,0,0
1055,1,rno,0,0,0,0,0,0,0,0,0,0,0,0,0,0,0,0
1056,1,rti,1,1,1,1,1,1,1,1,1,1,1,1,1,1,1,1
1057,3,. s,0,0,0,0,0,0,0,0,0,0,0,0,0,0,0,0
1058,2,udi,0,0,0,0,0,0,0,0,0,0,0,0,0,0,0,0
1059,1,ono,0,0,0,0,0,0,0,0,0,0,0,0,0,0,0,0
1060,2,ati,1,1,1,1,1,1,1,1,1,1,1,1,1,1,1,1
1061,2,ani,0,0,0,0,0,0,0,0,0,0,0,0,0,0,0,0
1062,1,ati,1,1,1,1,1,1,1,1,1,1,1,1,1,1,1,1
1063,2,yan,0,0,0,0,0,0,0,0,0,0,0,0,0,0,0,0
1064,2,ana,1,1,1,1,1,1,1,1,1,1,1,1,1,1,1,1
1065,2,nto,0,0,0,0,0,0,0,0,0,0,0,0,0,0,0,0
1066,2,man,0,0,0,0,0,0,0,0,0,0,0,0,0,0,0,0
1067,1,rmi,1,1,1,0,1,1,1,1,0,1,0,1,0,0,0,0
1068,2,nto,0,0,0,0,0,0,0,0,0,0,0,0,0,0,0,0
1069,3,tra,0,0,0,0,0,0,0,0,0,0,0,0,0,0,0,0
1070,2,nut,0,1,0,0,0,0,0,0,0,0,0,0,0,0,0,0
1071,1,ati,1,1,1,1,1,1,1,1,1,1,1,1,1,1,1,1
1072,2,nto,0,0,0,0,0,0,0,0,0,0,0,0,0,0,0,0
1073,2,dah,1,1,1,1,1,1,1,1,1,1,1,1,1,1,1,1
1074,3,ari,1,1,1,1,1,1,1,1,1,1,1,1,1,1,1,1
1075,2,ati,1,1,1,1,1,1,1,1,1,1,1,1,1,1,1,1
1076,1,ono,0,0,0,0,0,0,0,0,0,0,0,0,0,0,0,0
1077,1,tmi,1,0,0,0,1,0,0,1,1,1,0,1,0,1,1,0
1078,2,ani,1,1,1,1,1,1,1,1,1,1,1,1,1,1,1,1
1079,3,ini,1,1,1,1,1,1,1,1,1,1,1,1,1,1,1,1
1080,2,min,0,0,0,0,0,0,0,0,0,0,0,0,0,0,0,0
1081,1,iah,1,1,1,1,1,1,1,1,1,1,1,1,1,1,1,1
1082,1,rin,0,0,1,0,0,0,0,0,0,0,0,1,0,0,0,0
1083,1,din,0,0,0,0,0,0,0,0,0,0,0,0,0,0,0,0
1084,2,ham,0,0,0,0,0,0,0,0,0,0,0,0,0,0,0,0
1085,2,nti,1,1,1,1,1,1,1,1,1,1,1,1,1,1,1,1
1086,4,ari,1,1,1,1,1,1,1,1,1,1,1,1,1,1,1,1
1087,2,roh,1,1,1,1,1,1,1,1,1,1,1,1,1,1,1,1
1088,1,man,0,0,0,0,0,0,0,0,0,0,0,0,0,0,0,0
1089,2,rni,1,1,1,1,1,1,1,1,1,1,1,1,1,1,1,1
1090,3,ana,0,0,0,0,0,0,0,0,0,0,0,0,0,0,0,0
1091,4,ani,1,1,1,1,1,1,1,1,1,1,1,1,1,1,1,1
1092,4,bsy,0,0,0,0,0,0,0,0,0,0,0,0,0,0,0,0
1093,2,uri,0,0,0,0,0,0,0,0,0,0,0,0,0,0,0,0
1094,2,ini,1,1,1,1,1,1,1,1,1,1,1,1,1,1,1,1
1095,3,ini,1,1,1,1,1,1,1,1,1,1,1,1,1,1,1,1
1096,3,hma,1,1,1,1,1,1,1,1,1,1,1,1,1,1,1,1
1097,3,qih,0,0,0,0,0,0,0,0,0,0,0,0,0,0,0,0
1098,3,ika,1,1,1,1,1,1,1,1,1,1,1,1,1,1,1,1
1099,1,lal,0,0,0,0,0,0,0,0,0,0,0,0,0,0,0,0
1100,2,ani,1,1,1,1,1,1,1,1,1,1,1,1,1,1,1,1
1101,3,ana,0,0,0,0,0,0,0,0,0,0,0,0,0,0,0,0
1102,3,ini,1,1,1,1,1,1,1,1,1,1,1,1,1,1,1,1
1103,3,ina,1,1,1,1,1,1,1,1,1,1,1,1,1,1,1,1
1104,3,ika,1,1,1,1,1,1,1,1,1,1,1,1,1,1,1,1
1105,1,uri,0,0,0,0,0,0,0,0,0,0,0,0,0,0,0,0
1106,1,ani,1,1,1,1,1,1,1,1,1,1,1,1,1,1,1,1
1107,2,nti,1,1,1,1,1,1,1,1,1,1,1,1,1,1,1,1
1108,1,man,0,1,0,1,0,0,0,0,0,0,0,0,0,0,0,0
1109,1,ati,1,1,1,1,1,1,1,1,1,1,1,1,1,1,1,1
1110,2,man,0,0,0,0,0,0,0,0,0,0,0,0,0,0,0,0
1111,3,tri,1,1,1,1,1,1,1,1,1,1,1,1,1,1,1,1
1112,1,djo,0,0,0,0,0,0,0,0,0,0,0,0,0,0,0,0
1113,1,rni,1,1,1,1,1,1,1,1,1,1,1,1,1,1,1,1
1114,2,ati,1,1,1,1,1,1,1,1,1,1,1,1,1,1,1,1
1115,3,ari,1,1,1,1,1,1,1,1,1,1,1,1,1,1,1,1
1116,1,wan,0,0,0,0,0,0,0,0,0,0,0,0,0,0,0,0
1117,2,kah,1,1,1,1,1,1,1,1,1,1,1,1,1,1,1,1
1118,1,rti,1,1,1,1,1,1,1,1,1,1,1,1,1,1,1,1
1119,3,han,0,0,0,0,0,0,0,0,0,0,0,0,0,0,0,0
1120,3,wan,0,0,0,0,0,0,0,0,0,0,0,0,0,0,0,0
1121,2,ona,0,0,0,0,0,0,0,0,0,0,0,0,0,0,0,0
1122,1,omo,0,0,0,0,0,0,0,0,0,0,0,0,0,0,0,0
1123,1,yem,1,0,1,1,1,1,1,0,1,1,0,1,1,1,1,1
1124,2,nto,0,0,0,0,0,0,0,0,0,0,0,0,0,0,0,0
1125,2,gas,0,1,0,0,0,0,0,0,0,0,0,0,0,0,0,0
1126,1,ati,1,1,1,1,1,1,1,1,1,1,1,1,1,1,1,1
1127,2,roh,1,1,1,1,1,1,1,1,1,1,1,1,1,1,1,1
1128,1,man,0,0,0,0,0,0,0,0,0,0,0,0,0,0,0,0
1129,1,rah,1,1,1,1,1,1,1,1,1,1,1,1,1,1,1,1
1130,2,nto,0,0,0,0,0,0,0,0,0,0,0,0,0,0,0,0
1131,1,rno,0,0,0,0,0,0,0,0,0,0,0,0,0,0,0,0
1132,1,rti,1,1,1,1,1,1,1,1,1,1,1,1,1,1,1,1
1133,3,. s,0,0,0,0,0,0,0,0,0,0,0,0,0,0,0,0
1134,2,udi,0,0,0,0,0,0,0,0,0,0,0,0,0,0,0,0
1135,1,ono,0,0,0,0,0,0,0,0,0,0,0,0,0,0,0,0
1136,2,ati,1,1,1,1,1,1,1,1,1,1,1,1,1,1,1,1
1137,2,ani,0,0,0,0,0,0,0,0,0,0,0,0,0,0,0,0
1138,1,ati,1,1,1,1,1,1,1,1,1,1,1,1,1,1,1,1
1139,2,yan,0,0,0,0,0,0,0,0,0,0,0,0,0,0,0,0
1140,2,ana,1,1,1,1,1,1,1,1,1,1,1,1,1,1,1,1
1141,2,nto,0,0,0,0,0,0,0,0,0,0,0,0,0,0,0,0
1142,2,man,0,0,0,0,0,0,0,0,0,0,0,0,0,0,0,0
1143,1,rmi,1,1,1,0,1,1,1,1,0,1,0,1,0,0,0,0
1144,2,nto,0,0,0,0,0,0,0,0,0,0,0,0,0,0,0,0
1145,3,tra,0,0,0,0,0,0,0,0,0,0,0,0,0,0,0,0
1146,2,nut,0,1,0,0,0,0,0,0,0,0,0,0,0,0,0,0
1147,1,ati,1,1,1,1,1,1,1,1,1,1,1,1,1,1,1,1
1148,2,nto,0,0,0,0,0,0,0,0,0,0,0,0,0,0,0,0
1149,2,dah,1,1,1,1,1,1,1,1,1,1,1,1,1,1,1,1
1150,3,ari,1,1,1,1,1,1,1,1,1,1,1,1,1,1,1,1
1151,2,ati,1,1,1,1,1,1,1,1,1,1,1,1,1,1,1,1
1152,1,ono,0,0,0,0,0,0,0,0,0,0,0,0,0,0,0,0
1153,1,tmi,1,0,0,0,1,0,0,1,1,1,0,1,0,1,1,0
1154,2,ani,1,1,1,1,1,1,1,1,1,1,1,1,1,1,1,1
1155,3,ini,1,1,1,1,1,1,1,1,1,1,1,1,1,1,1,1
1156,2,min,0,0,0,0,0,0,0,0,0,0,0,0,0,0,0,0
1157,1,iah,1,1,1,1,1,1,1,1,1,1,1,1,1,1,1,1
1158,1,rin,0,0,1,0,0,0,0,0,0,0,0,1,0,0,0,0
1159,1,din,0,0,0,0,0,0,0,0,0,0,0,0,0,0,0,0
1160,2,ham,0,0,0,0,0,0,0,0,0,0,0,0,0,0,0,0
1161,2,nti,1,1,1,1,1,1,1,1,1,1,1,1,1,1,1,1
1162,4,ari,1,1,1,1,1,1,1,1,1,1,1,1,1,1,1,1
1163,2,roh,1,1,1,1,1,1,1,1,1,1,1,1,1,1,1,1
1164,1,man,0,0,0,0,0,0,0,0,0,0,0,0,0,0,0,0
1165,2,rni,1,1,1,1,1,1,1,1,1,1,1,1,1,1,1,1
1166,3,ana,0,0,0,0,0,0,0,0,0,0,0,0,0,0,0,0
1167,4,ani,1,1,1,1,1,1,1,1,1,1,1,1,1,1,1,1
1168,4,bsy,0,0,0,0,0,0,0,0,0,0,0,0,0,0,0,0
1169,1,oan,0,0,0,0,0,0,0,0,0,0,0,0,0,0,0,0
1170,1,rni,1,1,1,1,1,1,1,1,1,1,1,1,1,1,1,1
1171,1,ani,1,1,1,1,1,1,1,1,1,1,1,1,1,1,1,1
1172,2,nto,0,0,0,0,0,0,0,0,0,0,0,0,0,0,0,0
1173,1,mat,0,0,0,0,0,0,0,0,0,0,0,0,0,0,0,0
1174,1,sen,0,0,0,0,0,0,0,0,0,0,0,1,1,0,1,0
1175,2,kin,0,0,0,0,0,0,0,0,0,0,0,0,0,0,0,0
1176,1,iah,1,1,1,1,1,1,1,1,1,1,1,1,1,1,1,1
1177,1,sun,0,0,0,0,0,0,0,0,0,0,0,0,0,0,0,0
1178,2,kur,0,0,1,0,0,0,0,0,0,0,0,1,1,1,1,1
1179,1,suf,0,0,0,0,0,0,0,0,0,0,0,0,0,0,0,0
1180,1,ori,0,0,0,0,0,0,0,0,0,0,0,0,0,0,0,0
1181,1,'in,1,1,0,0,0,1,1,1,1,0,1,1,1,0,1,1
1182,2,nto,0,0,0,0,0,0,0,0,0,0,0,0,0,0,0,0
1183,2,awi,0,0,0,0,0,0,0,0,0,0,0,0,0,0,0,0
1184,2,ron,0,0,0,0,0,0,0,0,0,0,0,0,0,0,0,0
1185,2,dun,0,0,0,0,0,0,0,0,1,0,0,0,0,0,0,0
1186,1,mah,1,1,1,1,0,0,0,1,1,1,0,1,1,1,1,1
1187,2,ita,1,1,1,1,1,1,1,1,1,1,1,1,1,1,1,1
1188,3,kri,0,0,0,0,0,0,0,0,0,0,0,0,0,0,0,0
1189,3,zan,0,0,0,0,0,0,0,0,0,0,0,0,0,0,0,0
1190,1,ono,0,0,0,0,0,0,0,0,0,0,0,0,0,0,0,0
1191,1,iah,1,1,1,1,1,1,1,1,1,1,1,1,1,1,1,1
1192,1,ani,1,1,1,1,1,1,1,1,1,1,1,1,1,1,1,1
1193,2,kan,0,1,1,0,1,0,0,0,0,0,0,0,0,0,0,0
1194,1,adi,0,0,0,0,0,0,0,0,0,0,0,0,0,0,0,0
1195,1,ino,0,0,0,0,0,0,1,0,0,0,0,0,0,0,0,0
1196,2,tun,1,1,1,1,1,1,1,1,1,1,1,1,1,1,1,1
1197,2,ari,1,1,1,1,1,1,1,1,1,1,1,1,1,1,1,1
1198,2,ati,1,1,1,1,1,1,1,1,1,1,1,1,1,1,1,1
1199,2,lil,0,0,0,0,0,0,0,0,0,0,0,0,0,0,0,0
1200,1,tri,1,1,1,1,1,1,1,1,1,1,1,1,1,1,1,1
1201,2,ail,0,0,0,0,0,0,0,0,0,0,0,0,0,0,0,0
1202,2,yah,1,1,1,1,1,1,1,1,1,1,1,1,1,1,1,1
1203,2,ira,1,1,1,1,1,1,1,1,1,1,1,1,1,1,1,1
1204,1,adi,0,0,0,0,0,0,0,0,0,0,0,0,0,0,0,0
1205,1,nah,1,1,1,1,1,1,1,1,1,1,1,1,1,1,1,1
1206,3,ati,1,1,1,1,1,1,1,1,1,1,1,1,1,1,1,1
1207,2,gat,0,0,0,0,0,0,0,0,0,0,0,0,0,0,0,0
1208,1,man,0,0,0,0,0,0,0,0,0,0,0,0,0,0,0,0
1209,1,nti,1,1,1,1,1,1,1,1,1,1,1,1,1,1,1,1
1210,2,nti,1,1,1,1,1,1,1,1,1,1,1,1,1,1,1,1
1211,2,sih,1,1,1,1,1,1,1,1,1,1,1,1,1,1,1,1
1212,4,rah,0,0,0,0,0,0,0,0,0,0,0,0,0,0,0,0
1213,1,man,0,0,0,0,0,0,0,0,0,0,0,0,0,0,0,0
1214,1,nem,1,0,0,0,0,0,1,0,1,1,0,1,0,1,0,0
1215,1,rjo,0,0,0,0,0,0,0,0,0,0,0,0,0,0,0,0
1216,1,tin,1,1,1,1,1,1,1,1,1,1,1,1,1,1,1,1
1217,2,oso,0,0,0,0,0,0,0,0,0,0,0,0,0,0,0,0
1218,3,ari,1,1,1,1,1,1,1,1,1,1,1,1,1,1,1,1
1219,3,yfa,1,1,1,1,1,1,1,1,1,1,1,1,1,1,1,1
1220,2,mid,0,0,0,0,0,0,0,0,0,0,0,0,0,0,0,0
1221,2,sah,1,1,1,1,1,1,1,1,1,1,1,1,1,1,1,1
1222,1,man,0,0,0,0,0,0,0,0,0,0,0,0,0,0,0,0
1223,1,nah,1,1,1,1,1,1,1,1,1,1,1,1,1,1,1,1
1224,1,din,0,0,0,0,0,0,0,0,0,0,0,0,0,0,0,0
1225,2,yah,1,1,1,1,1,1,1,1,1,1,1,1,1,1,1,1
1226,2,tra,0,0,0,0,0,0,0,0,0,0,0,0,0,0,0,0
1227,2,ati,1,1,1,1,1,1,1,1,1,1,1,1,1,1,1,1
1228,3,ndi,0,0,0,0,0,0,0,0,0,0,0,0,0,0,0,0
1229,2,kur,0,0,0,0,0,1,0,0,0,0,0,0,0,0,0,0
1230,1,ini,1,1,1,1,1,1,1,1,1,1,1,1,1,1,1,1
1231,3,nti,1,1,1,1,1,1,1,1,1,1,1,1,1,1,1,1
1232,3,nto,0,0,0,0,0,0,0,0,0,0,0,0,0,0,0,0
1233,1,nto,0,0,0,0,0,0,0,0,0,0,0,0,0,0,0,0
1234,1,fah,1,1,1,1,1,1,1,1,1,1,1,1,1,1,1,1
1235,2,yah,0,0,0,0,0,0,0,0,0,0,0,0,0,0,0,0
1236,1,nto,0,0,0,0,0,0,0,0,0,0,0,0,0,0,0,0
1237,2,wan,0,0,0,0,0,0,0,0,0,0,0,0,0,0,0,0
1238,2,suf,0,0,0,0,0,0,0,0,0,0,0,0,0,0,0,0
1239,1,wan,0,0,0,0,0,0,0,0,0,0,0,0,0,0,0,0
1240,2,hoh,1,1,1,1,1,1,1,1,1,1,1,1,1,1,1,1
1241,1,ofa,0,0,0,0,0,0,0,0,0,0,0,0,0,0,0,0
1242,2,nto,0,0,0,0,0,0,0,0,0,0,0,0,0,0,0,0
1243,2,zah,1,1,1,1,1,1,1,1,1,1,1,1,1,1,1,1
1244,2,rba,0,0,0,0,0,0,0,1,0,0,0,0,0,0,0,0
1245,2,ahi,1,1,1,1,1,1,1,1,1,1,1,1,1,1,1,1
1246,2,ari,1,1,1,1,1,1,1,1,1,1,1,1,1,1,1,1
1247,3,rba,0,0,0,0,0,0,0,0,0,0,0,0,0,0,0,0
1248,3,rba,0,0,0,0,0,0,0,0,0,0,0,0,0,0,0,0
1249,3,rba,0,0,0,0,0,0,0,0,0,0,0,0,0,0,0,0
1250,2,nti,1,1,1,1,1,1,1,1,1,1,1,1,1,1,1,1
1251,1,adi,0,0,0,0,0,0,0,0,0,0,0,0,0,0,0,0
1252,3,ari,1,1,1,1,1,1,1,1,1,1,1,1,1,1,1,1
1253,3,tra,0,0,0,0,0,0,0,0,0,0,0,0,0,0,0,0
1254,1,ali,0,0,0,0,0,0,0,0,0,0,0,0,0,0,0,0
1255,2,oyo,0,0,0,0,0,0,0,0,0,0,0,0,0,0,0,0
1256,1,seh,1,0,0,0,0,0,0,0,0,0,0,1,1,0,1,1
1257,2,yah,1,1,1,1,1,1,1,1,1,1,1,1,1,1,1,1
1258,2,wan,0,0,0,0,0,0,0,0,0,0,0,0,0,0,0,0
1259,2,rid,0,0,0,0,0,0,0,0,0,0,0,0,0,0,0,0
1260,1,ani,1,1,1,1,1,1,1,1,1,1,1,1,1,1,1,1
1261,3,ani,0,0,0,0,0,0,0,0,0,0,0,0,0,0,0,0
1262,2,ifa,1,1,1,1,1,1,1,1,1,1,1,1,1,1,1,1
1263,1,sno,0,0,0,0,0,0,0,0,0,0,0,0,0,0,0,0
1264,1,ari,1,1,1,1,1,1,1,1,1,1,1,1,1,1,1,1
1265,3,lia,1,1,1,1,1,1,1,1,1,1,1,1,1,1,1,1
1266,1,adi,0,0,0,0,0,0,0,0,0,0,0,0,0,0,0,0
1267,2,ati,1,1,1,1,1,1,1,1,1,1,1,1,1,1,1,1
1268,4,yan,0,0,0,0,0,0,0,0,0,0,0,0,0,0,0,0
1269,1,man,0,0,0,0,0,0,0,0,0,0,0,0,0,0,0,0
1270,2,sih,1,1,1,1,1,1,1,1,1,1,1,1,1,1,1,1
1271,4,yah,0,0,0,0,0,0,0,0,0,0,0,0,0,0,0,0
1272,5,nda,0,0,0,0,0,0,0,0,0,0,0,0,0,0,0,0
1273,1,nem,1,0,0,0,0,0,0,0,0,0,0,0,0,0,0,0
1274,2,ono,0,0,0,0,0,0,0,0,0,0,0,0,0,0,0,0
1275,1,ami,1,1,1,1,1,1,0,1,0,1,0,1,0,0,0,0
1276,3,wan,0,0,0,0,0,0,0,0,0,0,0,0,0,0,0,0
1277,2,han,0,0,0,0,0,0,0,0,0,0,0,0,0,0,0,0
1278,2,ndi,0,0,0,0,0,0,0,0,0,0,0,0,0,0,0,0
1279,2,tun,1,1,1,1,1,1,1,1,1,1,1,1,1,1,1,1
1280,3,ana,0,0,0,0,0,0,0,0,0,0,0,0,0,0,0,0
1281,1,tno,0,0,0,0,0,0,0,0,0,0,0,0,0,0,0,0
1282,1,ana,1,1,1,1,1,1,1,1,0,1,0,1,1,1,1,1
1283,2,dik,0,0,0,0,0,0,0,0,0,0,0,0,0,0,0,0
1284,2,hid,0,0,0,0,0,0,0,0,0,0,0,0,0,0,0,0
1285,2,ini,1,1,1,1,1,1,1,1,1,1,1,1,1,1,1,1
1286,3,tri,1,1,1,1,1,1,1,1,1,1,1,1,1,1,1,1
1287,1,nto,0,0,0,0,0,0,0,0,0,0,0,0,0,0,0,0
1288,1,sno,0,0,0,0,0,0,0,0,0,0,0,0,0,0,0,0
1289,2,wan,0,0,0,0,0,0,0,0,0,0,0,0,0,0,0,0
1290,1,met,0,0,0,0,0,0,0,0,0,0,0,0,0,0,0,0
1291,1,ani,1,1,1,1,1,1,1,1,1,1,1,1,1,1,1,1
1292,3,isi,0,0,0,0,0,0,0,0,0,0,0,0,0,0,0,0
1293,3,rah,1,1,1,1,1,1,1,1,1,1,1,1,1,1,1,1
1294,1,lan,0,0,0,0,0,0,0,0,0,0,0,0,0,0,0,1
1295,2,iah,1,1,1,1,1,1,1,1,1,1,1,1,1,1,1,1
1296,2,ati,1,1,1,1,1,1,1,1,1,1,1,1,1,1,1,1
1297,2,yah,0,0,0,0,0,0,0,0,0,0,0,0,0,0,0,0
1298,2,ffa,1,1,1,1,1,1,1,1,1,1,1,1,1,1,1,1
1299,1,emi,1,1,0,0,0,0,1,0,0,0,0,0,1,1,1,1
1300,2,oto,0,0,0,0,0,0,0,0,0,0,0,0,0,0,0,0
1301,3,ina,1,1,1,1,1,1,1,1,1,1,1,1,1,1,1,1
1302,3,ana,1,1,1,1,1,1,1,1,1,1,1,1,1,1,1,1
1303,4,ana,1,0,0,0,0,0,0,0,0,0,0,0,0,0,0,0
1304,1,tin,0,1,1,1,1,1,1,1,1,1,1,1,1,1,1,1
1305,2,nah,1,1,1,1,1,1,1,1,1,1,1,1,1,1,1,1
1306,4,ani,1,1,1,1,1,1,1,1,1,1,1,1,1,1,1,1
1307,2,fah,1,1,1,1,1,1,1,1,1,1,1,1,1,1,1,1
1308,2,mah,1,1,1,1,1,1,1,1,1,1,1,1,1,1,1,1
1309,2,a'i,0,0,0,0,0,0,0,0,0,0,0,0,0,0,0,0
1310,2,roh,1,1,1,1,1,1,1,1,1,1,1,1,1,1,1,1
1311,2,kim,0,0,0,0,0,0,0,0,0,0,0,0,0,0,0,0
1312,3,ror,0,0,0,0,0,0,0,0,0,0,0,0,0,0,0,0
1313,1,sno,0,0,0,0,0,0,0,0,0,0,0,0,0,0,0,0
1314,2,sih,1,1,1,1,1,1,1,1,1,1,1,1,1,1,1,1
1315,2,hin,0,0,0,0,0,0,0,0,0,0,0,0,0,0,0,0
1316,2,ana,1,1,1,1,1,1,1,1,1,1,1,1,1,1,1,1
1317,1,nto,0,0,0,0,0,0,0,0,0,0,0,0,0,0,0,0
1318,1,yah,1,1,1,1,1,1,1,1,1,1,1,1,1,1,1,1
1319,1,ron,0,0,0,0,0,0,0,0,0,0,0,0,0,0,0,0
1320,2,din,0,0,0,0,0,0,0,0,0,0,0,0,0,0,0,0
1321,1,min,0,0,0,0,0,0,0,0,0,0,0,0,0,0,0,0
1322,1,ati,1,1,1,1,1,1,1,1,1,1,1,1,1,1,1,1
1323,2,yah,0,0,0,0,0,0,0,0,0,0,0,0,0,0,0,0
1324,2,zah,1,1,1,1,1,1,1,1,1,1,1,1,1,1,1,1
1325,1,tno,0,0,0,0,0,0,0,0,0,0,0,0,1,0,0,0
1326,1,ini,1,1,1,1,1,1,1,1,1,1,1,1,1,1,1,1
1327,3,tri,1,1,1,1,1,1,1,1,1,1,1,1,1,1,1,1
1328,2,ani,1,1,1,1,1,1,1,1,1,1,1,1,1,1,1,1
1329,1,but,0,0,0,1,0,0,0,0,0,0,0,0,0,0,0,0
1330,1,rem,1,0,0,0,0,0,0,0,0,0,0,0,0,0,0,0
1331,1,man,0,0,0,0,0,0,0,0,0,0,0,0,0,0,0,0
1332,1,ani,1,0,0,0,0,0,0,0,0,0,0,0,0,0,0,0
1333,2,him,0,0,0,0,0,0,0,0,0,0,0,0,0,0,0,0
1334,1,ono,0,0,0,0,0,0,0,0,0,0,0,0,0,0,0,0
1335,2,uti,1,1,1,1,1,1,1,1,1,1,1,1,1,1,1,1
1336,2,ilo,0,0,0,0,0,0,0,0,0,0,0,0,0,0,0,0
1337,1,ruf,0,0,0,0,0,0,0,0,0,0,0,0,0,0,0,0
1338,2,ani,1,1,1,1,1,1,1,1,1,1,1,1,1,1,1,1
1339,3,rum,1,1,1,1,1,1,1,1,1,1,1,1,1,1,1,1
1340,2,abi,0,0,0,0,0,0,0,0,0,0,0,0,0,0,0,0
1341,1,ani,0,1,1,1,1,1,0,0,1,0,0,1,1,1,1,1
1342,1,men,1,0,0,0,0,0,0,0,0,0,0,0,0,0,0,0
1343,2,ayu,1,1,1,1,1,1,1,1,1,1,1,1,1,1,1,1
1344,3,oko,0,0,0,0,0,0,0,0,0,0,0,0,0,0,0,0
1345,2,war,0,0,0,0,0,0,0,0,0,0,0,0,0,0,0,0
1346,3,ari,1,1,1,1,1,1,1,1,1,1,1,1,1,1,1,1
1347,3,tra,0,0,0,0,0,0,0,0,0,0,0,0,0,0,0,0
1348,2,war,0,0,0,0,0,0,0,0,0,0,0,0,0,0,0,0
1349,1,ino,0,0,0,0,0,0,1,0,0,0,0,0,0,0,0,0
1350,2,ani,1,1,1,1,1,1,1,1,1,1,1,1,1,1,1,1
1351,2,yah,0,0,0,0,0,0,0,0,0,0,0,0,0,0,0,0
1352,2,yah,0,0,0,0,0,0,0,0,0,0,0,0,0,0,0,0
1353,2,mil,0,0,0,0,0,0,0,0,0,0,0,0,0,0,0,0
1354,1,yah,1,1,1,1,1,1,1,1,1,1,1,1,1,1,1,1
1355,1,dro,0,0,0,0,0,0,0,0,0,0,0,0,0,0,0,0
1356,2,ini,1,1,1,1,1,1,1,1,1,1,1,1,1,1,1,1
1357,1,kun,0,0,0,0,0,0,0,0,0,0,0,0,0,0,0,0
1358,1,ati,1,1,1,1,1,1,1,1,1,1,1,1,1,1,1,1
1359,3,iwi,1,1,1,1,1,1,1,1,1,1,1,1,1,1,1,1
1360,3,hdi,0,0,0,0,0,0,0,0,0,0,0,0,0,0,0,0
1361,1,tun,1,1,1,1,1,1,1,1,1,1,1,1,1,1,1,1
1362,3,fin,0,0,0,0,0,0,0,0,0,0,0,0,0,0,0,0
1363,2,ari,1,1,1,1,1,1,1,1,1,1,1,1,1,1,1,1
1364,2,sa',1,1,1,1,1,1,1,1,1,1,1,1,1,1,1,1
1365,1,nto,0,0,0,0,0,0,0,0,0,0,0,0,0,0,0,0
1366,1,emi,1,0,1,1,0,0,1,1,1,1,1,1,1,1,0,0
1367,2,ayu,1,1,1,1,1,1,1,1,1,1,1,1,1,1,1,1
1368,3,ati,1,1,1,1,1,1,1,1,1,1,1,1,1,1,1,1
1369,1,pri,0,0,0,0,0,0,0,0,0,0,0,0,0,0,0,0
1370,1,sti,1,1,1,0,1,1,1,1,1,1,1,1,1,1,1,1
1371,1,ani,1,1,1,1,1,1,1,1,1,1,1,1,1,1,1,1
1372,2,roh,1,1,1,1,1,1,1,1,1,1,1,1,1,1,1,1
1373,1,man,0,0,0,0,0,0,0,0,0,0,0,0,0,0,0,0
1374,2,sih,1,1,1,1,1,1,1,1,1,1,1,1,1,1,1,1
1375,2,ida,0,0,0,0,0,0,0,0,0,0,0,0,1,0,0,0
1376,2,faz,0,0,0,0,0,0,0,0,0,0,0,0,0,0,0,0
1377,2,lah,1,1,1,1,1,1,1,1,1,1,0,1,1,0,1,0
1378,2,ali,0,0,0,0,0,0,0,0,0,0,0,0,0,0,0,0
1379,1,tun,1,1,1,1,1,1,0,1,1,1,1,1,1,1,1,1
1380,3,ani,1,1,1,1,1,1,1,1,1,1,1,1,1,1,1,1
1381,1,udi,0,0,0,0,0,0,0,0,0,0,0,0,0,0,0,0
1382,1,tun,1,1,1,1,1,1,1,1,1,1,1,1,1,1,1,1
1383,3,mam,0,0,0,0,0,0,0,0,0,0,0,0,0,0,0,0
1384,1,lin,0,0,0,0,0,0,0,0,0,0,0,0,0,0,0,0
1385,2,ati,1,1,1,1,1,1,1,1,1,1,1,1,1,1,1,1
1386,2,ana,1,1,1,1,1,1,1,1,1,1,0,1,1,1,1,1
1387,3,rni,1,1,1,1,1,1,1,1,1,1,1,1,1,1,1,1
1388,3,cky,0,0,0,0,0,0,0,0,0,0,0,0,0,0,0,0
1389,1,nto,0,0,0,0,0,0,0,0,0,0,0,0,0,0,0,0
1390,1,yem,1,0,1,0,0,0,0,0,0,1,0,0,0,0,0,0
1391,1,din,0,0,0,0,0,0,0,0,0,0,0,0,0,0,0,0
1392,2,sma,1,1,1,1,1,1,1,1,1,1,1,1,1,1,0,1
1393,2,tra,0,0,0,0,0,0,0,0,0,0,0,0,0,0,0,0
1394,2,ayu,1,1,1,1,1,1,1,1,1,1,1,1,1,1,1,1
1395,1,min,0,0,0,0,0,0,0,0,0,0,0,0,0,0,0,0
1396,1,ani,1,1,1,1,1,1,1,1,1,1,1,1,1,1,1,1
1397,3,hea,1,1,1,1,1,1,1,1,1,1,1,1,1,1,1,1
1398,2,ath,0,0,0,0,0,0,0,0,0,0,0,0,0,0,0,0
1399,1,ino,0,0,0,0,0,0,0,0,0,0,0,0,0,0,0,0
1400,1,ana,1,1,0,1,1,1,1,1,1,1,1,1,1,1,1,1
1401,2,wan,0,0,0,0,0,0,0,0,0,0,0,0,0,0,0,0
1402,3,ani,1,1,1,1,1,1,1,1,1,1,1,1,1,1,1,1
1403,1,rin,0,0,0,0,0,0,0,1,0,0,0,0,0,0,0,0
1404,1,ini,1,1,1,1,1,1,1,1,1,1,1,1,1,1,1,1
1405,1,sih,1,1,1,1,1,1,1,1,1,1,1,1,1,1,1,1
1406,1,rin,0,1,1,1,1,0,1,1,1,1,0,1,1,1,1,1
1407,1,sih,1,1,1,1,1,1,1,1,1,1,1,1,1,1,1,1
1408,2,yah,0,0,0,0,0,0,0,0,0,0,0,0,0,0,0,0
1409,2,ron,0,0,0,0,0,0,0,0,0,0,0,0,0,0,0,0
1410,4,ati,1,1,1,1,1,1,0,1,1,1,0,1,1,1,1,1
1411,3,dah,1,1,1,1,1,1,1,1,1,1,1,1,1,1,1,1
1412,1,din,0,0,0,0,0,0,0,0,0,0,0,0,0,0,0,0
1413,2,eni,1,1,1,1,1,1,1,1,1,1,1,1,1,1,1,1
1414,3,sah,1,1,1,1,1,1,1,1,1,1,1,1,1,1,1,1
1415,2,ani,1,1,1,1,1,1,1,1,1,1,1,1,1,1,1,1
1416,1,nto,0,0,0,0,0,0,0,0,0,0,0,0,0,0,0,0
1417,2,nah,1,1,1,1,1,1,1,1,1,1,1,1,1,1,1,1
1418,2,uti,1,1,1,1,1,1,1,1,1,1,1,1,1,1,1,1
1419,2,yat,0,0,0,0,0,0,0,0,0,0,0,0,0,0,0,0
1420,2,uzi,0,0,0,0,0,0,0,0,0,0,0,0,0,0,0,0
1421,1,nto,0,0,0,0,0,0,0,0,0,0,0,0,0,0,0,0
1422,1,gah,1,1,1,1,1,1,1,1,1,1,1,1,1,1,1,1
1423,3,uro,0,0,0,0,0,0,0,0,0,0,0,0,0,0,0,0
1424,3,nah,1,1,1,1,1,1,1,1,1,1,1,1,1,1,1,1
1425,3,ana,1,1,1,1,1,1,1,1,1,1,1,1,1,1,1,1
1426,3,tyo,0,0,0,0,0,0,0,0,0,0,0,0,0,0,0,0
1427,1,man,0,0,0,0,0,0,0,0,0,0,0,0,0,0,0,0
1428,2,iah,1,1,1,1,1,1,1,1,1,1,1,1,1,1,1,1
1429,3,wan,0,0,0,0,0,0,0,0,0,0,0,0,0,0,0,0
1430,3,sih,1,1,1,1,1,1,1,1,1,1,1,1,1,1,1,1
1431,2,nto,0,0,0,0,0,0,0,0,0,0,0,0,0,0,0,0
1432,1,ini,1,1,1,1,1,1,1,1,1,1,1,1,1,1,1,1
1433,3,nia,1,1,1,1,1,1,1,1,1,1,1,1,1,1,1,1
1434,1,ryo,0,0,0,0,0,0,0,0,0,0,0,0,0,0,0,0
1435,1,ani,1,1,1,1,1,1,1,1,1,1,1,1,1,1,1,1
1436,3,tri,1,1,1,1,1,1,1,1,1,1,1,1,1,1,1,1
1437,3,aji,0,0,0,0,0,0,0,0,0,0,0,0,0,0,0,0
1438,3,nti,1,1,1,1,1,1,1,1,1,1,1,1,1,1,1,1
1439,3,ega,1,1,1,1,1,1,1,1,1,1,1,1,1,1,1,1
1440,1,adi,0,0,0,0,0,0,0,0,0,0,0,0,0,0,0,0
1441,2,ari,1,1,0,1,0,0,1,1,1,1,1,1,1,1,1,1
1442,2,din,0,0,0,0,0,0,0,0,0,0,0,0,0,0,0,0
1443,2,hdi,0,0,0,0,0,0,0,0,0,0,0,0,0,0,0,0
1444,3,ari,1,1,1,1,1,1,1,1,1,1,1,1,1,1,1,1
1445,1,ono,0,0,0,0,0,0,0,0,0,0,0,0,0,0,0,0
1446,2,mah,1,0,1,1,0,0,0,0,0,0,0,1,0,1,0,1
1447,3,ama,0,0,0,0,0,0,0,0,0,0,0,0,0,0,0,0
1448,2,ito,0,0,0,0,0,0,0,0,0,0,0,0,0,0,0,0
1449,1,mti,1,1,1,1,1,1,0,1,1,1,1,1,1,1,1,1
1450,2,ono,0,0,0,0,0,0,0,0,0,0,0,0,0,0,0,0
1451,2,. s,0,0,0,0,0,0,0,0,0,0,0,0,0,0,0,0
1452,1,mah,1,1,1,1,1,1,1,1,1,1,1,1,1,1,1,1
1453,2,nto,0,0,0,0,0,0,0,0,0,0,0,0,0,0,0,0
1454,2,ndi,0,0,0,0,0,0,0,0,0,0,0,0,0,0,0,0
1455,2,ian,0,0,0,0,0,0,0,0,0,0,0,0,0,0,0,0
1456,1,rno,0,0,0,0,0,0,0,0,0,0,0,0,0,0,0,0
1457,1,ani,1,1,1,1,1,1,1,1,1,1,1,1,1,1,1,1
1458,3,lis,0,0,0,0,0,0,0,0,0,0,0,0,0,0,0,0
1459,3,lis,0,0,0,0,0,0,0,0,0,0,0,0,0,0,0,0
1460,3,isa,1,1,1,1,1,1,1,1,1,1,1,1,1,1,1,1
1461,2,ono,0,0,0,0,0,0,0,0,0,0,0,0,0,0,0,0
1462,2,aya,1,1,0,0,0,0,0,1,1,0,1,1,1,1,1,1
1463,2,nti,1,1,1,1,1,1,1,1,1,1,1,1,1,1,1,1
1464,3,nti,1,1,1,1,1,1,1,1,1,1,1,1,1,1,1,1
1465,3,dra,0,0,0,0,0,0,0,0,0,0,0,0,0,0,0,0
1466,1,oto,0,0,0,0,0,0,0,0,0,0,0,0,0,0,0,0
1467,1,rah,1,1,1,1,1,1,1,1,1,1,1,1,1,1,1,1
1468,2,owo,0,0,0,0,0,0,0,0,0,0,0,0,0,0,0,0
1469,3,tra,0,0,0,0,0,0,0,0,0,0,0,0,0,0,0,0
1470,2,ori,0,0,0,0,0,0,0,0,0,0,0,0,0,0,0,0
1471,2,rti,1,1,1,1,1,1,1,1,1,1,1,1,1,1,1,1
1472,4,ana,0,0,0,0,0,0,0,0,0,0,0,0,0,0,0,0
1473,1,pri,0,0,0,0,0,0,0,0,0,0,0,0,0,0,0,0
1474,2,isa,1,1,1,1,1,1,1,1,1,1,0,1,1,1,1,1
1475,3,ama,0,0,0,0,0,0,0,0,0,0,0,0,0,0,0,0
1476,1,nto,0,0,0,0,0,0,0,0,0,0,0,0,0,0,0,0
1477,2,nti,1,1,1,1,1,1,1,1,1,1,1,1,1,1,1,1
1478,3,sah,0,0,0,0,0,0,0,0,0,0,0,0,0,0,0,0
1479,1,dar,0,0,0,0,0,0,0,0,0,0,0,0,0,0,0,0
1480,2,uti,1,1,1,1,1,1,1,1,1,1,1,1,1,1,1,1
1481,3,iyo,0,0,0,0,0,0,0,0,0,0,0,0,0,0,0,0
1482,4,lid,0,0,0,0,0,0,0,0,0,0,0,0,0,0,0,0
1483,4,ani,0,0,0,0,0,0,0,0,0,0,0,0,0,0,0,0
1484,1,gun,0,0,1,0,0,0,0,0,0,0,0,0,0,0,0,0
1485,1,yah,1,1,1,1,1,1,1,1,1,1,1,1,1,1,1,1
1486,2,ndi,0,0,0,0,0,0,0,0,0,0,0,0,0,0,0,0
1487,3,iah,1,1,1,1,1,1,1,1,1,1,1,1,1,1,1,1
1488,1,ail,0,0,0,0,0,0,0,0,0,0,0,0,0,0,0,0
1489,1,dah,1,1,1,1,1,1,1,1,1,1,1,1,1,1,1,1
1490,1,hdi,0,0,0,0,0,0,0,0,0,0,0,0,0,0,0,0
1491,3,tri,1,1,1,1,1,1,1,1,1,1,1,1,1,1,1,1
1492,1,ara,1,0,0,0,0,0,0,0,0,0,0,0,0,0,0,0
1493,1,rma,1,1,1,1,1,1,1,1,1,1,1,1,1,1,1,1
1494,1,han,0,0,0,0,0,0,0,0,0,0,0,0,0,0,0,0
1495,2,dun,1,1,1,1,1,1,1,1,1,1,1,1,1,1,1,1
1496,2,ati,1,1,1,1,1,1,1,1,1,1,1,1,1,1,1,1
1497,2,yad,0,0,0,0,0,0,0,0,0,0,0,0,0,0,0,0
1498,2,ian,0,0,0,0,0,0,0,0,0,0,0,0,0,0,0,0
1499,2,a'i,0,0,0,0,0,0,0,0,0,0,0,0,0,0,0,0
1500,1,nto,0,0,0,0,0,0,0,0,0,0,0,0,0,0,0,0
1501,1,tin,1,0,0,0,0,0,1,1,1,1,0,1,0,1,0,1
1502,3,ani,1,1,1,1,1,1,1,1,1,1,1,1,1,1,1,1
1503,1,run,0,0,0,0,0,0,0,0,0,0,0,0,0,0,0,0
1504,1,lah,1,1,1,1,1,1,1,1,1,1,1,1,1,1,1,1
1505,2,ria,0,0,0,0,0,0,0,0,0,0,0,0,0,0,0,0
1506,2,asi,1,1,1,1,1,1,1,1,1,1,1,1,1,1,1,1
1507,2,kha,1,1,1,1,1,1,1,1,1,1,1,1,1,1,1,1
1508,1,din,0,0,0,0,0,0,0,0,0,0,0,0,0,0,0,0
1509,3,tri,1,1,1,1,1,1,1,1,1,1,1,1,1,1,1,1
1510,4,aya,0,0,0,1,0,0,0,0,0,0,0,1,0,0,0,0
1511,1,nen,0,0,1,1,0,0,1,1,1,1,1,0,1,1,1,1
1512,1,ati,1,1,1,1,1,1,1,1,1,1,1,1,1,1,1,1
1513,2,rbi,0,0,0,0,0,0,0,0,0,0,0,0,0,0,0,0
1514,1,ino,0,0,0,0,0,0,0,0,0,0,0,0,0,0,0,0
1515,3,ati,1,1,1,1,1,1,1,1,1,1,1,1,1,1,1,1
1516,3,nta,0,0,0,0,0,0,0,0,0,0,0,0,0,0,0,0
1517,1,ono,0,0,0,0,0,0,0,0,0,0,0,0,0,0,0,0
1518,1,smi,1,1,1,1,1,1,1,1,1,1,1,1,1,1,1,1
1519,2,rdi,0,0,0,0,0,0,0,1,0,0,0,0,0,0,0,0
1520,3,tri,1,1,1,1,1,1,1,1,1,1,1,1,1,1,1,1
1521,1,adi,0,0,0,0,0,0,0,0,0,0,0,0,0,0,0,0
1522,1,ani,1,1,1,1,1,1,1,1,1,1,1,1,1,1,1,1
1523,2,tio,0,0,0,0,0,0,0,0,0,0,0,0,0,0,0,0
1524,3,isy,1,1,1,1,1,1,1,1,1,1,1,1,1,1,1,1
1525,2,nto,0,0,0,0,0,0,0,0,0,0,0,0,0,0,0,0
1526,2,mah,1,1,1,1,1,1,1,1,1,1,1,1,1,1,1,1
1527,2,lli,0,0,0,0,0,0,0,0,0,0,0,0,0,0,0,0
1528,2,nah,1,1,1,1,1,1,1,1,1,1,1,1,1,1,1,1
1529,1,aud,0,0,0,0,0,0,0,0,0,0,0,0,0,0,0,0
1530,2,yah,1,1,1,1,1,1,1,1,1,1,1,1,1,1,1,1
1531,1,aya,1,1,1,1,1,1,0,1,1,1,0,1,0,0,1,1
1532,2,ani,1,1,1,1,1,1,1,1,1,1,1,1,1,1,1,1
1533,3,ldi,0,0,0,0,0,0,0,0,0,0,0,0,0,0,0,0
1534,2,ana,0,0,0,0,0,0,0,0,0,0,0,0,0,0,0,0
1535,2,idi,0,0,0,0,0,0,0,0,0,0,0,0,0,0,0,0
1536,2,ami,0,0,0,0,0,0,0,0,0,0,0,0,0,0,0,0
1537,1,dah,1,1,1,1,1,1,1,1,1,1,1,1,1,1,1,1
1538,1,nto,0,0,0,0,0,0,0,0,0,0,0,0,0,0,0,0
1539,1,ono,0,0,0,0,0,0,0,0,0,0,0,0,0,0,0,0
1540,2,sih,1,1,1,1,1,1,1,1,1,1,1,1,1,1,1,1
1541,2,ani,0,0,0,0,0,0,0,0,0,0,0,0,0,0,0,0
1542,2,ria,1,1,1,1,1,1,1,1,1,1,1,1,1,1,1,1
1543,3,ani,0,0,0,0,0,0,0,0,0,0,0,0,0,0,0,0
1544,1,ono,0,0,0,0,0,0,0,0,0,0,0,0,0,0,0,0
1545,1,rik,0,0,0,0,0,0,0,0,0,0,0,0,0,0,0,0
1546,1,nah,1,1,1,1,1,1,1,1,1,1,1,1,1,1,1,1
1547,2,din,0,0,0,0,0,0,0,0,0,0,0,0,0,0,0,0
1548,1,jan,0,0,0,0,0,0,0,0,0,0,0,0,0,0,0,0
1549,2,ani,1,1,1,1,1,1,1,1,1,1,1,1,1,1,1,1
1550,2,owo,0,0,0,0,0,0,0,0,0,0,0,0,0,0,0,0
1551,1,tun,1,1,1,1,1,1,1,1,1,1,1,1,1,1,1,1
1552,2,ani,1,1,1,1,1,1,1,1,1,1,1,1,1,1,1,1
1553,2,ono,0,0,0,0,0,0,0,0,0,0,0,0,0,0,0,0
1554,1,ono,0,0,0,0,0,0,0,0,0,0,0,0,0,0,0,0
1555,1,ati,1,1,1,1,1,1,1,1,1,1,1,1,1,1,1,1
1556,2,ama,0,0,0,0,0,0,0,0,0,0,0,0,0,0,0,0
1557,2,rgi,0,0,0,0,0,0,0,0,0,0,0,0,0,0,0,0
1558,2,man,0,0,0,0,0,0,0,0,0,0,0,0,0,0,0,0
1559,2,din,0,0,0,0,0,0,0,0,0,0,0,0,0,0,0,0
1560,2,yir,0,0,0,0,0,0,0,0,0,0,0,0,0,0,0,0
1561,2,ati,1,1,1,1,1,1,1,1,1,1,1,1,1,1,1,1
1562,3,san,0,0,0,0,0,0,0,0,0,0,0,0,0,0,0,0
1563,1,man,0,0,0,0,0,0,0,0,0,0,0,0,0,0,0,0
1564,1,tik,1,1,1,1,1,1,1,1,1,1,1,1,1,1,1,1
1565,2,ama,0,0,0,0,0,0,0,0,0,0,0,0,0,0,0,0
1566,2,ogi,0,0,0,0,0,0,0,0,0,0,0,0,0,0,0,0
1567,2,ana,0,0,0,0,0,0,0,0,0,0,0,0,0,0,0,0
1568,1,kir,0,0,0,0,0,0,0,0,0,0,0,0,0,0,0,0
1569,1,yem,1,0,1,1,0,0,0,0,0,0,0,0,0,0,0,0
1570,3,nto,0,0,0,0,0,0,0,0,0,0,0,0,0,0,0,0
1571,3,uni,1,1,1,1,1,1,1,1,1,1,1,1,1,1,1,1
1572,1,hid,0,0,0,0,0,0,0,0,0,0,0,0,0,0,0,0
1573,1,yah,1,1,1,1,1,1,1,1,1,1,1,1,1,1,1,1
1574,2,ana,0,0,0,0,0,0,0,0,0,0,0,0,0,0,0,0
1575,4,inu,0,0,0,0,0,0,0,0,0,0,0,0,0,0,0,0
1576,1,sni,0,1,1,1,0,1,1,1,1,1,1,1,1,1,1,1
1577,1,ani,1,1,1,1,1,1,1,1,1,1,1,1,1,1,1,1
1578,3,nto,0,0,0,0,0,0,0,0,0,0,0,0,0,0,0,0
1579,2,tra,0,0,0,0,0,0,0,0,0,0,0,0,0,0,0,0
1580,3,ani,1,1,1,1,1,1,1,1,1,1,1,1,1,1,1,1
1581,1,lip,0,0,0,0,0,0,0,1,0,0,0,0,0,0,0,0
1582,1,yah,1,1,1,1,1,1,1,1,1,1,1,1,1,1,1,1
1583,2,ati,1,1,1,1,1,1,1,1,1,1,1,1,1,1,1,1
1584,1,rto,0,0,0,0,0,0,0,0,0,0,0,0,0,0,0,0
1585,1,adi,0,0,0,0,0,0,0,0,0,0,0,0,0,0,0,0
1586,2,ani,1,1,1,1,1,1,1,1,1,1,1,1,1,1,1,1
1587,1,uni,1,1,1,1,1,1,1,1,1,1,1,1,1,1,1,1
1588,2,tri,1,1,1,1,1,1,1,1,1,1,1,1,1,1,1,1
1589,1,ani,1,1,1,1,1,1,1,1,0,1,1,1,1,1,1,1
1590,1,man,0,0,0,0,0,0,0,0,0,0,0,0,0,0,0,0
1591,1,sri,1,0,0,0,0,0,0,1,0,0,0,0,0,0,0,0
1592,3,nto,0,0,0,0,0,0,0,0,0,0,0,0,0,0,0,0
1593,1,lan,0,0,0,0,0,0,0,0,0,0,0,0,0,0,0,1
1594,1,ina,1,1,1,1,1,1,1,1,1,1,1,1,1,1,1,1
1595,2,ika,1,1,1,1,1,1,1,1,1,1,1,1,1,1,1,1
1596,2,omo,0,0,0,0,0,0,0,0,0,0,0,0,0,0,0,0
1597,1,eng,0,1,1,0,0,1,0,0,0,0,0,0,0,0,0,0
1598,1,ini,1,0,1,1,1,0,1,1,1,1,1,1,1,0,1,1
1599,1,min,0,0,0,0,0,0,0,0,0,0,0,0,0,0,0,0
1600,1,rni,1,1,1,1,1,1,1,1,1,1,1,1,1,1,1,1
1601,3,nda,1,1,1,1,1,1,1,1,1,1,1,1,1,1,1,1
1602,2,wan,0,0,0,0,0,0,0,0,0,0,0,0,0,0,0,0
1603,2,ham,0,0,0,0,0,0,0,0,0,0,0,0,0,0,0,0
1604,1,nah,1,1,1,1,1,1,1,1,1,1,1,1,1,1,1,1
1605,2,yah,1,1,1,1,1,1,1,1,1,1,1,1,1,1,1,1
1606,2,nto,0,0,0,0,0,0,0,0,0,0,0,0,0,0,0,0
1607,1,tun,1,1,1,1,1,1,0,1,0,0,0,1,1,1,1,1
1608,3,iny,1,1,1,1,1,1,1,1,1,1,1,1,1,1,1,1
1609,2,rta,0,1,0,0,1,0,0,0,1,0,0,0,0,0,0,0
1610,2,rjo,0,0,0,0,0,0,0,0,0,0,0,0,0,0,0,0
1611,1,ini,1,1,1,1,1,1,1,1,1,1,1,1,1,1,1,1
1612,2,aya,0,0,0,0,0,0,0,0,0,0,0,0,0,0,0,0
1613,1,idi,0,0,0,0,0,0,0,0,0,0,0,0,0,0,0,0
1614,1,sih,1,1,1,1,1,1,1,1,1,1,1,1,1,1,1,1
1615,2,lah,1,1,1,1,1,1,1,1,1,1,1,1,1,1,1,1
1616,1,nto,0,0,0,0,0,0,0,0,0,0,0,0,0,0,0,0
1617,1,mah,1,1,1,1,1,1,1,1,1,1,1,1,1,1,1,1
1618,2,bar,0,0,0,0,0,0,0,0,0,0,0,0,0,0,0,0
1619,1,nah,1,1,1,1,1,1,1,1,1,1,1,1,1,1,1,1
1620,3,nik,0,0,0,0,0,0,0,0,0,0,0,0,0,0,0,0
1621,1,ati,1,1,1,1,1,1,1,1,1,1,1,1,1,1,1,1
1622,3,nik,0,0,0,0,0,0,0,0,0,0,0,0,0,0,0,0
1623,1,mar,0,0,0,0,0,0,0,0,0,0,0,0,0,0,0,0
1624,1,iah,1,1,1,1,1,1,1,1,1,1,1,1,1,1,1,1
1625,1,wan,0,0,0,0,0,0,0,0,0,0,0,0,0,0,0,0
1626,2,iah,1,1,1,1,1,1,1,1,1,1,1,1,1,1,1,1
1627,1,man,0,0,0,0,0,0,0,0,0,0,0,0,0,0,0,0
1628,2,nti,1,1,1,1,1,1,1,1,1,1,1,1,1,1,1,1
1629,2,ona,1,1,1,1,1,1,1,1,1,1,1,1,1,1,1,1
1630,2,ika,1,1,1,1,1,1,1,1,1,1,1,1,1,1,1,1
1631,3,sih,1,1,1,1,1,1,1,1,1,1,1,1,1,1,1,1
1632,3,lah,0,0,0,0,0,0,0,0,0,0,0,0,0,0,0,0
1633,1,udi,0,0,0,0,0,0,0,0,0,0,0,0,0,0,0,0
1634,2,jah,1,1,1,1,1,1,1,1,1,1,1,1,1,1,1,1
1635,2,ila,1,1,1,1,1,1,1,1,1,1,1,1,1,1,1,1
1636,3,ati,1,1,1,1,1,1,1,1,1,1,1,1,1,1,1,1
1637,4,wan,0,0,0,0,0,0,0,0,0,0,0,0,0,0,0,0
1638,2,adi,0,0,0,0,0,0,0,0,0,0,0,0,0,0,0,0
1639,1,rmi,1,0,1,1,1,0,1,1,1,1,0,1,1,1,0,1
1640,2,mah,1,1,1,1,1,1,1,1,1,1,1,1,1,1,1,1
1641,2,nda,0,0,0,0,0,0,0,0,0,0,0,0,0,0,0,0
1642,1,ndi,0,0,0,0,0,0,0,0,0,0,0,0,0,0,0,0
1643,2,ati,1,1,1,1,1,1,1,1,1,1,1,1,1,1,1,1
1644,1,man,0,0,0,0,0,0,0,0,0,0,0,0,0,0,0,0
1645,2,iyo,0,0,0,0,0,0,0,0,0,0,0,0,0,0,0,0
1646,3,wan,0,0,0,0,0,0,0,0,0,0,0,0,0,0,0,0
1647,1,nto,0,0,0,0,0,0,0,0,0,0,0,0,0,0,0,0
1648,1,rmi,1,1,1,0,1,1,1,1,0,1,0,1,0,0,0,0
1649,2,nto,0,0,0,0,0,0,0,0,0,0,0,0,0,0,0,0
1650,1,rno,0,0,0,0,0,0,0,0,0,0,0,0,0,0,0,0
1651,1,iji,1,0,0,0,0,0,1,0,0,0,0,0,0,0,0,0
1652,4,ini,1,1,1,1,1,1,1,1,1,1,1,1,1,1,1,1
1653,2,tyo,0,0,0,0,0,0,0,0,0,0,0,0,0,0,0,0
1654,2,ora,0,0,0,0,0,0,0,0,0,0,0,0,0,1,0,0
1655,2,ari,1,1,1,1,1,1,1,1,1,1,1,1,1,1,1,1
1656,3,ora,0,1,1,1,1,1,0,0,0,0,0,1,1,0,0,0
1657,3,ora,0,0,0,0,1,0,0,1,0,0,0,0,0,1,0,1
1658,3,ora,0,0,0,0,0,0,0,0,0,0,0,0,0,0,0,0
1659,2,adi,0,0,0,0,0,0,0,0,0,0,0,0,0,0,0,0
1660,2,sah,0,0,0,0,0,0,0,0,0,0,0,0,0,0,0,0
1661,2,sah,0,0,0,0,0,0,0,0,0,0,0,0,0,0,0,0
1662,4,hri,1,1,1,1,1,1,1,1,1,1,1,1,1,1,1,1
1663,1,rno,0,0,0,0,0,0,0,0,0,0,0,0,0,0,0,0
1664,1,ina,1,1,1,1,1,1,1,1,1,1,1,1,1,1,1,1
1665,2,nto,0,0,0,0,0,0,0,0,0,0,0,0,0,0,0,0
1666,2,nto,0,1,1,1,0,1,1,1,1,1,1,0,1,0,0,1
1667,1,bar,0,0,0,0,0,0,0,0,0,0,0,0,0,0,0,0
1668,2,ika,1,1,1,1,1,1,1,1,1,1,1,1,1,1,1,1
1669,3,. s,0,0,0,0,0,0,0,0,0,0,0,0,0,0,0,0
1670,3,ang,1,0,0,0,0,0,0,0,0,0,0,0,0,0,0,0
1671,2,. s,1,1,1,1,1,1,1,1,1,1,1,1,1,1,1,1
1672,3,. s,0,0,0,0,0,0,0,0,0,0,0,0,0,0,0,0
1673,4,. s,0,0,0,0,0,0,0,0,0,0,0,0,0,0,0,0
1674,3,aga,0,0,0,0,0,0,0,0,0,0,0,0,0,0,0,0
1675,1,man,0,0,0,0,0,0,0,0,0,0,0,0,0,0,0,0
1676,1,ini,1,1,1,1,1,1,1,1,1,1,1,1,1,1,1,1
1677,1,udi,0,0,0,0,0,0,0,0,0,0,0,0,0,0,0,0
1678,1,rno,0,0,0,0,0,0,0,0,0,0,0,0,0,0,0,0
1679,2,dah,1,0,0,0,0,0,1,0,1,1,1,0,1,0,0,0
1680,1,din,0,0,0,0,0,0,0,0,0,0,0,0,0,0,0,0
1681,1,man,0,0,0,0,0,0,0,0,0,0,0,0,0,0,0,0
1682,3,sih,1,1,1,1,1,1,1,1,1,1,1,1,1,1,1,1
1683,2,nto,0,0,0,0,0,0,0,0,0,0,0,0,0,0,0,0
1684,2,ari,1,1,1,1,1,1,1,1,1,1,1,1,1,1,1,1
1685,2,wan,0,0,0,0,0,0,0,0,0,0,0,0,0,0,0,0
1686,2,sah,1,1,1,1,1,1,1,1,1,1,1,1,1,1,1,1
1687,1,ani,1,1,1,1,1,1,1,1,1,1,1,1,1,1,1,1
1688,2,rni,1,1,1,1,1,1,1,1,1,1,1,1,1,1,1,1
1689,2,ndi,0,0,0,0,0,0,0,0,0,0,0,0,0,0,0,0
1690,2,yah,0,0,0,0,0,0,0,0,0,0,0,0,0,0,0,0
1691,1,nto,0,0,0,0,0,0,0,0,0,0,0,0,0,0,0,0
1692,1,tun,1,1,1,1,1,1,1,1,1,1,1,1,1,1,1,1
1693,3,ari,1,1,1,1,1,1,1,1,1,1,1,1,1,1,1,1
1694,2,diq,0,0,0,0,0,0,0,0,0,0,0,0,0,0,0,0
1695,1,ini,1,1,1,1,1,1,1,1,1,1,0,1,1,1,1,1
1696,2,ono,0,0,0,0,0,0,0,0,0,0,0,0,0,0,0,0
1697,2,sih,1,1,1,1,1,1,1,1,1,1,1,1,1,1,1,1
1698,3,ono,0,0,0,0,0,0,0,0,0,0,0,0,0,0,0,0
1699,3,oho,0,0,0,0,0,0,0,0,0,0,0,0,0,0,0,0
1700,1,sun,0,1,0,1,0,0,0,0,0,0,0,0,0,0,0,0
1701,2,ini,1,1,0,1,1,1,0,0,0,0,0,0,0,0,0,0
1702,4,ana,0,0,0,0,0,0,0,0,0,0,0,0,0,0,0,0
1703,4,uma,0,0,0,0,0,0,0,0,0,0,0,0,0,0,0,0
1704,2,iza,1,1,1,1,1,1,1,1,1,1,1,1,1,1,1,1
1705,1,'is,0,0,0,0,0,0,0,0,0,0,0,0,0,0,0,0
1706,2,tun,1,1,1,1,1,1,1,1,1,1,1,1,1,1,1,1
1707,2,tin,1,1,1,1,1,1,1,1,1,1,1,1,1,1,1,1
1708,1,din,0,0,0,0,0,0,0,0,0,0,0,0,0,0,0,0
1709,2,yah,1,1,1,1,1,1,1,1,1,1,1,1,1,1,1,1
1710,2,isa,1,1,1,1,1,1,1,1,1,1,1,1,1,1,1,1
1711,1,wan,0,0,0,0,0,0,0,0,0,0,0,0,0,0,0,0
1712,3,run,0,0,0,0,0,0,0,0,0,0,0,0,0,0,0,0
1713,1,ana,1,1,1,1,1,1,1,1,1,1,1,1,1,1,0,1
1714,1,nah,1,1,1,1,1,1,1,1,1,1,1,1,1,1,1,1
1715,2,ain,1,1,1,1,1,1,1,1,1,1,1,1,1,1,1,1
1716,2,ina,1,1,1,1,1,1,1,1,1,1,1,1,1,1,1,1
1717,1,uri,0,0,0,0,0,0,1,1,1,1,0,0,1,1,1,1
1718,1,ati,1,1,1,1,1,1,1,1,1,1,1,1,1,1,1,1
1719,2,ama,0,0,0,0,0,0,0,0,0,0,0,0,0,0,0,0
1720,1,nto,0,0,0,0,0,0,0,0,0,0,0,0,0,0,0,0
1721,2,sih,1,1,1,1,1,1,1,1,1,1,1,1,1,1,1,1
1722,3,iya,0,0,0,0,0,0,0,0,0,0,0,0,0,0,0,0
1723,2,rjo,0,0,0,0,0,0,0,0,0,0,0,0,0,0,0,0
1724,1,nem,1,0,0,0,0,0,0,0,0,0,0,0,0,0,0,0
1725,1,ono,0,0,0,0,0,0,0,0,0,0,0,0,0,0,0,0
1726,1,pti,1,1,1,1,1,1,1,1,1,1,1,1,1,1,1,1
1727,2,wan,0,0,0,0,0,0,0,0,0,0,0,0,0,0,0,0
1728,3,wan,0,0,0,0,0,0,0,0,0,0,0,0,0,0,0,0
1729,3,tyo,0,0,0,0,0,0,0,0,0,0,0,0,0,0,0,0
1730,1,tar,0,0,0,0,0,0,0,0,0,0,0,0,0,0,0,0
1731,1,tin,1,0,0,0,0,0,0,0,0,0,0,1,0,1,0,0
1732,3,tri,1,1,1,1,1,1,1,1,1,1,1,1,1,1,1,1
1733,3,tri,1,1,1,1,1,1,1,1,1,1,1,1,1,1,1,1
1734,3,ari,1,1,1,1,1,1,1,1,1,1,1,1,1,1,1,1
1735,1,man,0,0,0,0,0,0,0,0,0,0,0,0,0,0,0,0
1736,2,ati,1,1,1,1,1,1,1,1,1,1,1,1,1,1,1,1
1737,2,ayu,1,1,1,1,1,1,1,1,1,1,1,1,1,1,1,1
1738,3,han,0,0,0,0,0,0,0,0,0,0,0,0,0,0,0,0
1739,3,lmi,0,0,0,0,0,0,0,0,0,0,0,0,0,0,0,0
1740,1,zal,0,0,0,0,0,0,0,0,0,0,0,0,0,0,0,0
1741,2,uti,1,1,1,1,1,1,1,1,1,1,1,1,1,1,1,1
1742,3,yat,0,0,0,0,0,0,0,0,0,0,0,0,0,0,0,0
1743,2,ari,1,1,1,1,1,1,1,1,1,1,1,1,1,1,1,1
1744,1,sid,0,0,0,0,0,0,0,0,0,0,0,0,0,0,0,0
1745,2,eha,1,1,1,1,1,1,1,1,1,1,1,1,1,1,1,1
1746,3,ezi,0,0,0,0,0,0,0,0,0,0,0,0,0,0,0,0
1747,2,din,0,0,0,0,0,0,0,0,0,0,0,0,0,0,0,0
1748,1,ati,1,1,1,1,1,1,1,1,1,1,1,1,1,1,1,1
1749,3,nah,1,1,1,1,1,1,1,1,1,1,1,1,1,1,1,1
1750,2,man,0,0,0,0,0,0,0,0,0,0,0,0,0,0,0,0
1751,2,him,0,0,0,0,0,0,0,0,0,0,0,0,0,0,0,0
1752,1,din,0,0,0,0,0,0,0,0,0,0,0,0,0,0,0,0
1753,1,ini,1,1,1,1,0,1,1,1,1,1,1,1,1,1,1,1
1754,3,yah,0,0,0,0,0,0,0,0,0,0,0,0,0,0,0,0
1755,2,oah,1,1,1,1,1,1,1,1,1,1,1,1,1,1,1,1
1756,3,ruf,0,0,0,0,0,0,0,0,0,0,0,0,0,0,0,0
1757,2,mah,0,0,0,0,0,0,0,0,0,0,0,1,1,0,0,1
1758,2,lah,0,0,0,0,0,0,0,0,0,0,0,0,0,0,0,0
1759,1,tin,1,0,1,0,0,0,1,1,0,1,1,1,1,1,1,1
1760,2,lah,0,1,0,0,0,0,0,1,0,1,0,0,0,0,0,0
1761,1,ono,0,0,0,0,0,0,0,0,0,0,0,0,0,0,0,0
1762,2,iah,1,1,1,1,1,1,1,1,1,1,1,1,1,1,1,1
1763,3,tia,1,1,1,1,1,1,1,1,1,1,1,1,1,1,1,1
1764,1,wan,0,0,0,0,0,0,0,0,0,0,0,0,0,0,0,0
1765,1,smi,1,1,1,1,1,1,1,1,1,1,1,1,1,1,1,1
1766,2,ama,0,0,0,0,0,0,0,0,0,0,0,0,0,0,0,0
1767,1,man,0,0,0,0,0,0,0,0,0,0,0,0,0,0,0,0
1768,1,ria,1,1,0,1,0,0,1,1,0,1,0,1,1,1,1,1
1769,3,zal,0,0,0,0,0,0,1,1,1,0,0,0,0,0,0,0
1770,1,lim,0,0,0,0,0,0,0,0,0,0,0,0,0,0,0,0
1771,1,ani,1,1,1,1,1,1,1,1,1,1,1,1,1,1,1,1
1772,2,wan,0,0,0,0,0,0,0,0,0,0,0,0,0,0,0,0
1773,2,nto,0,0,0,0,0,0,0,0,0,0,0,0,0,0,0,0
1774,2,yat,0,0,0,0,0,0,0,0,0,0,0,0,0,0,0,0
1775,1,min,0,1,1,1,1,1,0,0,0,0,0,1,0,0,0,0
1776,2,sih,1,1,1,1,1,1,1,1,1,1,1,1,1,1,1,1
1777,3,tin,1,1,1,1,1,1,1,1,1,1,1,1,1,1,1,1
1778,1,yah,1,1,1,1,1,1,1,1,1,1,1,1,1,1,1,1
1779,2,nco,0,0,0,0,0,0,0,0,0,0,0,0,0,0,0,0
1780,1,jan,0,0,0,0,0,0,0,0,0,0,0,0,0,0,0,0
1781,1,yah,1,1,1,1,1,1,1,1,1,1,1,1,1,1,1,1
1782,3,yah,0,0,0,0,0,0,0,0,0,0,0,0,0,0,0,0
1783,3,rda,1,1,1,1,1,1,1,1,1,1,1,1,1,1,1,1
1784,1,man,0,0,0,0,0,0,0,0,0,0,0,0,0,0,0,0
1785,1,ati,1,1,1,1,1,1,1,1,1,1,1,1,1,1,1,1
1786,4,ama,0,0,0,0,0,0,0,0,0,0,0,0,0,0,0,0
1787,2,hwa,1,1,1,1,1,1,1,1,1,1,1,1,1,0,0,1
1788,2,tis,0,0,0,0,0,0,0,0,0,0,0,0,0,0,0,0
1789,1,man,0,0,0,0,0,0,0,0,0,0,0,0,0,0,0,0
1790,1,man,0,0,0,0,0,0,0,0,0,0,0,0,0,0,0,0
1791,2,roh,1,1,1,1,1,1,1,1,1,1,1,1,1,1,1,1
1792,3,man,1,1,1,1,1,1,1,1,1,1,1,1,1,1,1,1
1793,1,ono,0,0,0,0,0,0,0,0,0,0,0,0,0,0,0,0
1794,1,sih,1,1,1,1,1,1,1,1,1,1,1,1,1,1,1,1
1795,3,ena,0,0,0,0,0,0,0,0,0,0,0,0,0,0,0,0
1796,4,iar,0,0,0,0,0,0,0,0,0,0,0,0,0,0,0,0
1797,1,ran,0,0,0,0,0,0,0,0,0,0,0,0,0,0,1,0
1798,1,mah,1,1,1,1,1,1,1,1,1,1,1,1,1,1,1,1
1799,2,wan,0,0,0,0,0,0,0,0,0,0,0,0,0,0,0,0
1800,2,aid,0,0,0,0,0,0,0,0,0,0,0,0,0,0,0,0
1801,1,ani,1,1,1,1,1,1,1,1,1,1,1,1,1,1,1,1
1802,3,lah,0,0,0,0,0,0,0,0,0,0,0,0,0,0,0,0
1803,3,lah,0,0,0,0,0,0,0,0,0,0,0,0,0,0,0,0
1804,2,omo,0,0,0,0,0,0,0,0,0,0,0,0,0,0,0,0
1805,1,rmi,1,0,0,0,0,0,0,1,0,1,0,1,1,1,1,1
1806,2,ita,1,1,1,1,1,1,1,1,1,1,1,1,1,1,1,1
1807,3,iwi,1,1,1,1,1,1,1,1,1,1,1,1,1,1,1,1
1808,2,ada,0,0,0,0,0,0,0,0,0,0,0,0,0,0,0,0
1809,1,rah,1,1,1,1,1,1,1,1,1,1,1,1,1,1,1,1
1810,2,kah,1,1,1,1,1,1,1,1,1,1,1,1,1,1,1,1
1811,3,kur,0,0,0,0,0,0,0,0,0,0,0,0,0,0,0,0
1812,2,hir,0,0,0,0,0,0,0,0,0,0,0,0,0,0,0,0
1813,1,yud,0,0,0,0,0,1,0,0,0,0,0,0,0,0,0,0
1814,1,ini,1,1,1,1,1,1,1,1,1,1,1,1,1,1,1,1
1815,2,mah,1,1,1,1,1,1,1,1,1,1,1,1,1,1,1,1
1816,2,tep,0,0,0,0,0,0,0,0,0,0,0,0,0,0,0,0
1817,2,iah,1,1,1,1,0,1,1,1,1,1,1,1,1,1,1,1
1818,1,kim,0,0,0,0,0,0,0,0,0,0,0,0,0,0,0,0
1819,3,sih,1,1,1,1,1,1,1,1,1,1,1,1,1,1,1,1
1820,2,ila,1,1,1,1,1,1,1,1,1,1,1,1,1,1,1,1
1821,1,adi,0,0,0,0,0,0,0,0,0,0,0,0,0,0,0,0
1822,1,hni,1,0,0,0,0,0,0,0,0,0,0,0,0,0,0,0
1823,1,iso,0,0,0,0,0,0,0,0,0,0,0,0,0,0,0,0
1824,2,uni,1,1,1,1,1,1,1,1,1,1,1,1,1,1,1,1
1825,2,ono,0,0,0,0,0,0,0,0,0,0,0,0,0,0,0,0
1826,3,rno,0,0,0,0,0,0,0,0,0,0,0,0,0,0,0,0
1827,3,tri,1,1,1,1,1,1,1,1,1,1,1,1,1,1,1,1
1828,1,opo,0,0,0,0,0,0,0,0,0,0,0,0,0,0,0,0
1829,1,mah,1,1,1,1,1,1,1,1,1,1,1,1,1,1,1,1
1830,2,oho,0,0,0,0,0,0,0,0,0,0,0,0,0,0,0,0
1831,2,yah,1,1,1,1,1,1,1,1,1,1,1,1,1,1,1,1
1832,1,lan,0,0,0,0,0,0,0,0,0,0,0,0,0,0,0,0
1833,2,nti,1,1,1,1,1,1,1,1,1,1,1,1,1,1,1,1
1834,2,sum,0,0,0,0,0,0,0,0,0,0,0,0,0,0,0,0
1835,2,fah,1,1,1,1,1,1,1,1,1,1,1,1,1,1,1,1
1836,2,ani,1,1,1,1,1,1,1,1,1,1,1,1,1,1,1,1
1837,1,dra,0,1,0,0,1,0,0,1,0,1,0,0,0,1,0,0
1838,2,ari,1,1,1,1,1,1,1,1,1,1,1,1,1,1,1,1
1839,3,tri,1,1,1,1,1,1,1,1,1,1,1,1,1,1,1,1
1840,3,tri,1,1,1,1,1,1,1,1,1,1,1,1,1,1,1,1
1841,1,rin,0,0,0,0,0,0,0,0,0,0,0,0,0,0,0,0
1842,1,adi,0,0,0,0,0,0,0,0,0,0,0,0,0,0,0,0
1843,1,rti,1,1,1,1,1,1,1,1,1,1,1,1,1,1,1,1
1844,2,tra,0,0,0,0,0,0,0,0,0,0,0,0,0,0,0,0
1845,2,ean,0,0,0,0,0,0,0,0,0,0,0,0,0,0,0,0
1846,2,ani,1,1,1,1,1,1,1,1,1,1,1,1,1,1,1,1
1847,1,tno,0,0,0,0,0,0,0,0,0,0,0,0,0,0,0,0
1848,2,ani,1,1,1,1,1,1,1,1,1,1,1,1,1,1,1,1
1849,2,tra,0,0,0,0,0,0,0,0,0,0,0,0,0,0,0,0
1850,2,ita,1,1,1,1,1,1,1,1,1,1,1,1,1,1,1,1
1851,2,yat,0,0,0,0,0,0,0,0,0,0,0,0,0,0,0,0
1852,2,ati,1,1,1,1,1,1,1,1,1,1,1,1,1,1,1,1
1853,1,sin,0,0,0,0,0,0,0,0,0,0,0,0,0,0,0,0
1854,1,mah,1,1,1,1,1,1,1,1,1,1,1,1,1,1,1,1
1855,2,din,0,0,0,0,0,0,0,0,0,0,0,0,0,0,0,0
1856,2,uni,1,1,1,1,1,1,1,1,1,1,1,1,1,1,1,1
1857,3,nif,0,0,0,0,0,0,0,0,0,0,0,0,0,0,0,0
1858,4,yah,1,1,1,1,1,1,1,1,1,1,1,1,1,1,1,1
1859,3,iki,0,0,0,0,0,0,0,0,0,0,0,0,0,0,0,0
1860,2,sah,1,1,1,1,1,1,1,1,1,1,1,1,1,1,1,1
1861,2,lik,0,0,0,0,0,0,0,0,0,0,0,0,0,0,0,0
1862,2,ida,1,1,1,1,1,1,1,1,1,1,1,1,1,1,1,1
1863,3,rif,0,0,0,0,0,0,0,0,0,0,0,0,0,0,0,0
1864,2,zah,1,1,1,1,1,1,1,1,1,1,1,1,1,1,1,1
1865,2,adi,0,0,0,0,0,0,0,0,0,0,0,0,0,0,0,0
1866,3,eli,1,1,1,1,1,1,1,1,1,1,1,1,1,1,1,1
1867,1,rno,0,0,0,0,0,0,0,0,0,0,0,0,0,0,0,0
1868,3,wan,0,0,0,0,0,0,0,0,0,0,0,0,0,0,0,0
1869,1,met,0,0,0,0,0,0,0,0,0,0,0,0,0,0,0,0
1870,2,tri,1,1,1,1,1,1,1,1,1,1,1,1,1,1,1,1
1871,3,oso,0,0,0,0,0,0,0,0,0,0,0,0,0,0,0,0
1872,2,byo,0,0,0,0,0,0,0,0,0,0,0,0,0,0,0,0
1873,3,ogo,0,0,0,0,0,0,0,0,0,0,0,0,0,0,0,0
1874,1,man,0,0,0,0,0,0,0,0,0,0,0,0,0,0,0,0
1875,2,ani,1,1,1,1,1,1,1,1,1,1,1,1,1,1,1,1
1876,3,sar,0,0,0,0,0,0,0,0,0,0,0,0,0,0,0,0
1877,1,ono,0,0,0,0,0,0,0,0,0,0,0,0,0,0,0,0
1878,1,ini,1,1,1,1,1,1,1,1,1,1,1,1,1,1,1,1
1879,2,ati,1,1,1,1,1,1,1,1,1,1,1,1,1,1,1,1
1880,2,ito,0,0,0,0,0,0,0,0,0,0,0,0,0,0,0,0
1881,3,. j,1,1,1,1,1,1,1,1,1,1,1,1,1,1,1,1
1882,1,nto,0,0,0,0,0,0,0,0,0,0,0,0,0,0,0,0
1883,1,nah,1,1,1,1,1,1,1,1,1,1,1,1,1,1,1,1
1884,2,diq,0,0,0,0,0,0,0,0,0,0,0,0,0,0,0,0
1885,2,ani,1,1,1,1,1,1,1,1,1,1,1,1,1,1,1,1
1886,1,ana,0,1,0,0,0,0,0,0,0,0,0,0,0,0,0,0
1887,1,ati,1,1,1,1,1,1,1,1,1,1,1,1,1,1,1,1
1888,2,mah,1,1,1,1,1,1,1,1,1,1,1,1,1,1,1,1
1889,1,rno,0,0,0,0,0,0,0,0,0,0,0,0,0,0,0,0
1890,3,wan,0,0,0,0,0,0,0,0,0,0,0,0,0,0,0,0
1891,1,smo,0,0,0,0,0,0,0,0,0,0,0,0,0,0,0,0
1892,2,yah,1,1,1,1,1,1,1,1,1,1,1,1,1,1,1,1
1893,4,wan,0,0,0,0,0,0,0,0,0,0,0,0,0,0,0,0
1894,1,ono,0,0,0,0,0,0,0,0,0,0,0,0,0,0,0,0
1895,1,ati,1,1,1,1,1,1,1,1,1,1,1,1,1,1,1,1
1896,2,tri,1,1,1,1,1,1,1,1,1,1,1,1,1,1,1,1
1897,3,tra,0,0,0,0,0,0,0,0,0,0,0,0,0,0,0,0
1898,4,aty,1,1,1,1,1,1,1,1,1,1,1,1,1,1,1,1
1899,1,run,0,0,0,0,0,0,0,0,0,0,0,0,0,0,0,0
1900,1,tin,1,1,1,1,1,1,1,1,1,1,1,1,1,1,1,1
1901,3,kas,1,0,0,0,0,0,0,0,0,0,0,0,0,0,0,0
1902,2,nti,1,1,1,1,1,1,1,1,1,1,1,1,1,1,1,1
1903,1,rin,0,0,0,0,0,0,0,0,0,0,0,0,0,0,0,0
1904,1,jem,1,0,1,0,0,1,0,0,0,0,0,0,0,0,0,0
1905,3,bri,0,0,0,0,0,0,0,0,0,0,0,0,0,0,0,0
1906,1,min,0,1,0,0,1,0,0,0,0,0,0,1,0,0,1,1
1907,2,ari,1,1,1,1,1,1,1,1,1,1,1,1,1,1,1,1
1908,2,ira,0,0,0,0,0,0,0,0,0,0,0,0,0,0,0,0
1909,2,ati,1,1,1,1,1,1,1,1,1,1,1,1,1,1,1,1
1910,4,idz,0,0,0,0,0,0,0,0,0,0,0,0,0,0,0,0
1911,1,sib,0,0,0,0,0,0,0,0,0,0,0,0,0,0,0,0
1912,1,ini,1,1,1,1,1,1,1,1,1,1,1,1,1,1,1,1
1913,2,nto,0,0,0,0,0,0,0,0,0,0,0,0,0,0,0,0
1914,1,pah,1,1,1,1,1,1,1,1,1,1,1,1,1,1,1,1
1915,1,mah,1,1,1,1,1,1,1,1,1,1,1,1,1,1,1,1
1916,2,nto,0,0,0,0,0,0,0,0,0,0,0,0,0,0,0,0
1917,1,roh,1,1,1,1,1,1,1,1,1,1,1,1,1,1,1,1
1918,2,nto,0,0,0,0,0,0,0,0,0,0,0,0,0,0,0,0
1919,2,ana,1,1,1,1,1,1,1,1,1,1,1,1,1,1,1,1
1920,3,ayu,1,1,1,1,1,1,1,1,1,1,1,1,1,1,1,1
1921,1,wan,0,0,0,0,0,0,0,0,0,0,0,0,0,0,0,0
1922,1,rti,1,1,1,1,1,1,1,1,1,1,1,1,1,1,1,1
1923,2,uti,1,1,1,1,1,1,1,1,1,1,1,1,1,1,1,1
1924,2,wan,0,0,0,0,0,0,0,0,0,0,0,0,0,0,0,0
1925,2,nto,0,0,0,0,0,0,0,0,0,0,0,0,0,0,0,0
1926,3,ati,1,1,1,1,1,1,1,1,1,1,1,1,1,1,1,1
1927,3,ati,1,1,1,1,1,1,1,1,1,1,1,1,1,1,1,1
1928,2,tyo,0,0,0,0,0,0,0,0,0,0,0,0,0,0,0,0
1929,1,ran,0,0,0,0,0,0,0,0,0,0,0,0,0,0,0,0
1930,1,yah,1,1,1,1,1,1,1,1,1,1,1,1,1,1,1,1
1931,1,ono,0,0,0,0,0,0,0,0,0,0,0,0,0,0,0,0
1932,3,nti,1,1,1,1,1,1,1,1,1,1,1,1,1,1,1,0
1933,2,tri,0,0,0,0,0,0,0,0,0,0,0,0,0,0,0,0
1934,2,uti,1,1,1,1,1,1,1,1,1,1,1,1,1,1,1,1
1935,2,ama,0,0,0,0,0,0,0,0,0,0,0,0,0,0,0,0
1936,2,wan,0,0,0,0,0,0,0,0,0,0,0,0,0,0,0,0
1937,1,ini,1,1,1,1,1,1,1,1,1,1,1,1,1,1,1,1
1938,2,ani,1,1,1,1,1,1,1,1,1,1,1,1,1,1,1,1
1939,2,ono,0,0,0,0,0,0,0,0,0,0,0,0,0,0,0,0
1940,2,adi,0,0,0,0,0,0,0,0,0,0,0,0,0,0,0,0
1941,2,wan,0,0,0,0,0,0,0,0,0,0,0,0,0,0,0,0
1942,2,sih,1,1,1,1,1,1,1,1,1,1,1,1,1,1,1,1
1943,3,. h,0,0,0,0,0,0,0,0,0,0,0,0,0,0,0,0
1944,1,ijo,0,0,0,0,0,0,0,0,0,0,0,0,0,0,0,0
1945,1,rni,1,1,1,1,1,1,1,1,1,1,1,1,1,1,1,1
1946,3,ani,1,1,1,1,1,1,1,1,1,1,1,1,1,1,1,1
1947,3,ian,0,0,0,0,0,0,0,0,0,0,0,0,0,0,0,0
1948,1,pto,0,0,0,0,0,0,0,0,0,0,0,0,0,0,0,0
1949,2,aan,1,1,1,1,1,1,1,1,1,1,1,1,1,1,1,1
1950,3,tri,1,1,1,1,1,1,1,1,1,1,1,1,1,1,1,1
1951,1,msi,0,0,0,0,0,0,0,0,0,0,0,0,0,0,0,0
1952,1,ini,1,1,1,0,1,1,0,1,1,0,1,1,1,1,1,1
1953,2,kin,0,0,0,0,0,0,0,0,0,0,0,0,0,0,0,0
1954,2,yat,0,0,0,0,0,0,0,0,0,0,0,0,0,0,0,0
1955,2,omo,0,0,0,0,0,0,0,0,0,0,0,0,0,0,0,0
1956,1,mah,1,1,1,1,1,1,1,1,1,1,1,1,1,1,1,1
1957,3,ati,1,1,1,1,1,1,1,1,1,1,1,1,1,1,1,1
1958,3,. m,0,0,0,0,0,0,0,0,0,0,0,0,0,0,0,0
1959,1,ndi,0,0,0,0,0,0,0,0,0,0,0,0,0,0,0,0
1960,1,eem,1,0,1,0,0,1,0,0,1,0,0,1,1,1,1,1
