first_token,male,female,total,share_of_training_pct,female_pct
MUHAMMAD,6520,0,6520,3.85,0.0
MUHAMAD,1714,0,1714,1.012,0.0
AHMAD,1209,0,1209,0.714,0.0
DWI,463,510,973,0.575,52.42
SITI,0,844,844,0.498,100.0
NUR,256,550,806,0.476,68.24
PUTRI,0,759,759,0.448,100.0
ACHMAD,723,0,723,0.427,0.0
DIMAS,710,3,713,0.421,0.42
RIZKY,589,118,707,0.418,16.69
MOHAMMAD,642,0,642,0.379,0.0
M,615,1,616,0.364,0.16
TRI,329,280,609,0.36,45.98
AGUNG,601,5,606,0.358,0.83
WAHYU,472,80,552,0.326,14.49
DIAN,147,398,545,0.322,73.03
RIZKI,416,129,545,0.322,23.67
ADITYA,531,10,541,0.319,1.85
EKA,167,373,540,0.319,69.07
ADE,386,145,531,0.314,27.31
