suffix,n_training,points_to,share_pct
ewi,677,female,99.85
nti,3682,female,99.76
nty,339,female,99.71
rum,502,female,99.2
nah,617,female,99.03
aty,249,female,98.8
tri,2740,female,98.39
hra,367,female,97.82
iwi,730,female,96.99
iah,688,female,96.51
uti,701,female,95.58
ina,1617,female,95.42
ini,1622,female,95.25
via,271,female,95.2
sih,1245,female,94.94
diq,103,male,100.0
ino,174,male,99.43
hyo,142,male,99.3
rdo,104,male,99.04
tro,520,male,99.04
ldo,99,male,98.99
fal,88,male,98.86
uel,86,male,98.84
aqi,84,male,98.81
rio,165,male,98.79
tra,3895,male,98.72
ozi,74,male,98.65
dho,65,male,98.46
rok,65,male,98.46
zan,191,male,98.43
