partition,oov_bin_pct,n_names,mean_oov_rate,TF-IDF+SVM,CharBiLSTM,CharBiGRU,CharBiRNN,CharTransformer,CharBiLSTM_minus_SVM_pp
"external, clean and deduplicated",0,812,0.0,95.81,95.42,95.44,95.0,95.15,-0.39
"external, clean and deduplicated",0 to 5,245,0.0311,94.29,95.67,95.76,94.29,95.76,1.38
"external, clean and deduplicated",5 to 10,185,0.0751,91.89,95.35,94.81,94.27,93.3,3.46
"external, clean and deduplicated",10 to 20,165,0.146,92.73,91.03,89.7,89.45,93.58,-1.7
"external, clean and deduplicated",over 20,57,0.2674,85.96,77.89,81.05,81.75,81.05,-8.07
test 2024-2026,0,10112,0.0,98.35,98.12,98.12,97.92,97.79,-0.23
test 2024-2026,0 to 5,4215,0.027,96.99,96.67,96.47,96.22,96.01,-0.32
test 2024-2026,5 to 10,2734,0.0729,95.28,95.02,94.89,94.75,94.39,-0.26
test 2024-2026,10 to 20,1597,0.1368,92.99,92.27,92.35,92.36,91.7,-0.72
test 2024-2026,over 20,224,0.2442,87.5,85.71,85.89,85.71,85.18,-1.79
