char_model,other,n_seeds,char_right_other_wrong_per_seed,other_right_char_wrong_per_seed,p_min,p_median,p_max,seeds_separating,favours,separates_in_all_seeds
CharBiLSTM,TF-IDF+RF,5,967,217,4.881670980762523e-127,2.6693710767265866e-112,1.0918534903737859e-97,5,CharBiLSTM,True
CharBiGRU,TF-IDF+RF,5,968,229,1.2286785015175503e-127,3.772467863211114e-101,6.8090343471937954e-96,5,CharBiGRU,True
CharBiRNN,TF-IDF+RF,5,944,239,3.2603284622608493e-106,1.0702160365261357e-100,7.968670903302067e-88,5,CharBiRNN,True
CharTransformer,TF-IDF+RF,5,970,308,2.292116983126969e-93,6.480529743886071e-76,6.980252738997703e-68,5,CharTransformer,True
CharBiGRU,WordBiRNN,5,868,322,1.5891699936351916e-63,2.160377501773684e-59,1.6207743867043713e-50,5,CharBiGRU,True
CharBiLSTM,WordBiRNN,5,891,334,8.66167562830825e-69,2.491156669751877e-58,1.572229852868858e-49,5,CharBiLSTM,True
CharBiGRU,WordBiGRU,5,858,324,2.583732372290648e-59,4.411123904349184e-56,4.635947258060142e-53,5,CharBiGRU,True
CharBiLSTM,WordBiGRU,5,878,333,1.3284713048540158e-60,1.0956880844052663e-55,3.231505913734665e-53,5,CharBiLSTM,True
CharBiLSTM,WordBiLSTM,5,862,330,1.0080425199592429e-59,8.538318735011118e-55,4.08612434016782e-53,5,CharBiLSTM,True
CharBiGRU,WordBiLSTM,5,845,324,1.375393533256986e-55,1.8402544234086985e-53,4.8127036025516135e-53,5,CharBiGRU,True
CharBiGRU,WordTransformer,5,805,326,2.2205115353994402e-54,6.854451353341058e-49,4.795426345446505e-39,5,CharBiGRU,True
CharBiLSTM,WordTransformer,5,824,333,1.0238676580165214e-54,9.395563326711929e-48,1.2852052691671741e-44,5,CharBiLSTM,True
CharBiRNN,WordBiGRU,5,855,355,4.50676524854948e-57,3.3673158288793184e-47,6.492036478016486e-41,5,CharBiRNN,True
CharBiRNN,WordBiRNN,5,871,359,6.148692991669992e-61,3.597210048157826e-47,6.301772944945371e-42,5,CharBiRNN,True
CharBiRNN,WordBiLSTM,5,839,352,3.071216783674169e-57,3.2843545425555176e-43,4.788309627162595e-38,5,CharBiRNN,True
CharTransformer,WordBiRNN,5,882,414,7.217535950016575e-45,1.5243378077268972e-40,4.8962907663311444e-33,5,CharTransformer,True
CharBiRNN,WordTransformer,5,802,356,4.75343507228476e-50,3.357042390484275e-39,1.1890929603331521e-33,5,CharBiRNN,True
CharTransformer,WordBiGRU,5,868,411,7.272934833465447e-41,1.4633027371707424e-37,2.429203134776024e-36,5,CharTransformer,True
CharTransformer,WordBiLSTM,5,852,408,5.951610126872893e-38,1.457744182692764e-36,1.8977537729022885e-34,5,CharTransformer,True
CharTransformer,WordTransformer,5,815,413,7.385250018890153e-35,1.8133918347604834e-31,3.3225781680369364e-26,5,CharTransformer,True
CharTransformer,TF-IDF+SVM,5,239,387,7.735100036245911e-11,1.1335488374646485e-08,7.176287469160167e-08,5,TF-IDF+SVM,True
CharTransformer,XLM-R,5,232,362,1.2139142677020869e-09,3.308899193296254e-07,2.543037864849368e-06,5,XLM-R,True
CharBiRNN,TF-IDF+SVM,5,192,296,4.0570941755477114e-08,6.524406441867857e-07,0.001204681364487626,5,TF-IDF+SVM,True
CharTransformer,mBERT,5,246,351,1.846090285211737e-07,1.920340556908666e-05,0.0003257593380996713,5,mBERT,True
CharBiRNN,XLM-R,5,230,316,2.6588937868926333e-05,0.00010856705046238546,0.03466785859348811,5,XLM-R,True
CharBiLSTM,CharTransformer,5,311,222,5.157064876265787e-05,0.00011855086143838995,0.00040205865164309615,5,CharBiLSTM,True
CharBiGRU,CharTransformer,5,319,242,0.00010163918566211126,0.0009556448843073584,0.014881257052091462,5,CharBiGRU,True
CharBiRNN,mBERT,5,245,306,0.00011120167867530218,0.003483011611510329,1.0,4,mBERT,False
CharBiGRU,TF-IDF+SVM,5,200,270,1.3885144839096422e-05,0.004149368423979482,0.029006462544625876,5,TF-IDF+SVM,True
CharTransformer,TF-IDF+LR,5,275,355,0.00017364825676428845,0.004314887042448783,0.005728873930579859,5,TF-IDF+LR,True
CharBiRNN,CharBiGRU,5,223,257,0.0045634542983840716,0.013585032443061897,0.9283839571071005,3,CharBiGRU,False
CharBiLSTM,TF-IDF+SVM,5,221,280,0.0011276573865571084,0.01420926781409394,0.038575279931285546,5,TF-IDF+SVM,True
CharBiRNN,CharBiLSTM,5,219,264,0.0008664638753048408,0.01746175565373957,0.8567696750118631,3,CharBiLSTM,False
CharBiLSTM,IndoBERT,5,326,273,4.286286074548876e-05,0.0378459227902879,0.5559099315826759,3,CharBiLSTM,False
CharBiGRU,XLM-R,5,233,285,0.0001438183027277987,0.051952814015705284,0.22516669016870097,2,XLM-R,False
CharBiGRU,IndoBERT,5,315,273,0.0001657132988029791,0.058374271975577346,0.539650168918416,2,CharBiGRU,False
CharBiRNN,TF-IDF+LR,5,220,256,0.014322534779981235,0.05848370448743986,0.9257982647337193,2,TF-IDF+LR,False
CharBiLSTM,XLM-R,5,242,283,0.01245122900942895,0.12640798691256014,0.239660086149285,2,XLM-R,False
CharTransformer,IndoBERT,5,316,351,0.0027726346123339504,0.21460925700516628,0.6584997943959138,2,IndoBERT,False
CharBiRNN,IndoBERT,5,309,300,0.018685939565440783,0.2856501182978167,1.0,1,CharBiRNN,False
CharBiRNN,CharTransformer,5,318,274,0.00016145714795741652,0.2983347735638637,0.5423385534622444,2,CharBiRNN,False
CharBiLSTM,mBERT,5,261,277,0.13851527743952782,0.4001834767420534,0.863727797203003,0,mBERT,False
CharBiGRU,mBERT,5,250,278,0.005026367858135393,0.518642835829315,0.6684332412475147,1,mBERT,False
CharBiGRU,TF-IDF+LR,5,239,241,0.21633372684018723,0.5232919562150926,0.85560168053211,0,TF-IDF+LR,False
CharBiLSTM,TF-IDF+LR,5,252,243,0.3687039657356921,0.6221121466246888,0.9644063995573147,0,CharBiLSTM,False
CharBiLSTM,CharBiGRU,5,209,198,0.1686018711476918,0.6519508773556121,0.7715804120966316,0,CharBiLSTM,False
