Model,Seed,accuracy,precision,recall,f1,train_s
TF-IDF+SVM,42,0.9701832433004979,0.9799809342230696,0.9611468938292126,0.9704725441862906,0.9
TF-IDF+LR,42,0.9665819298803093,0.9778982042290936,0.9560565136089757,0.9668540211167724,2.3
TF-IDF+RF,42,0.9267026798008685,0.9553591160220994,0.8981923955952629,0.9258941957592633,11.2
TF-IDF+SVM,7,0.9701832433004979,0.9799809342230696,0.9611468938292126,0.9704725441862906,0.9
TF-IDF+LR,7,0.9665819298803093,0.9778982042290936,0.9560565136089757,0.9668540211167724,2.0
TF-IDF+RF,7,0.9292447833915899,0.9555946361837766,0.9031788905048826,0.9286477248451187,11.0
TF-IDF+SVM,123,0.9701832433004979,0.9799809342230696,0.9611468938292126,0.9704725441862906,1.1
TF-IDF+LR,123,0.9665819298803093,0.9778982042290936,0.9560565136089757,0.9668540211167724,2.0
TF-IDF+RF,123,0.9258553119372948,0.9573048699132756,0.894452524413048,0.9248120300751879,11.2
TF-IDF+SVM,2024,0.9701832433004979,0.9799809342230696,0.9611468938292126,0.9704725441862906,0.9
TF-IDF+LR,2024,0.9665819298803093,0.9778982042290936,0.9560565136089757,0.9668540211167724,2.0
TF-IDF+RF,2024,0.9294566253574833,0.9569193477302776,0.9022439227093288,0.9287776708373436,11.6
TF-IDF+SVM,777,0.9701832433004979,0.9799809342230696,0.9611468938292126,0.9704725441862906,1.0
TF-IDF+LR,777,0.9665819298803093,0.9778982042290936,0.9560565136089757,0.9668540211167724,2.1
TF-IDF+RF,777,0.9297214278148501,0.9551387517823846,0.9046332848535217,0.9292002347543082,11.8
