Strategy,Model,F1_weighted,F1_strategy,n,mean_pp,sd_pp,ci95_lo_pp,ci95_hi_pp,t,p,cohens_dz,holm_p,favours_strategy,favours_weighting
unweighted,CharBiRNN,0.965106,0.957196,5,-0.79098,0.113973,-0.932473,-0.649487,-15.518515,0.000101,-6.940091,0.002013,False,True
unweighted,CharBiLSTM,0.967494,0.959932,5,-0.75612,0.131962,-0.919946,-0.592294,-12.812282,0.000214,-5.729827,0.003208,False,True
unweighted,CharBiGRU,0.966896,0.959118,5,-0.7778,0.159511,-0.975828,-0.579772,-10.903384,0.000402,-4.876142,0.005223,False,True
unweighted,CharTransformer,0.963114,0.955518,5,-0.75952,0.116202,-0.903781,-0.615259,-14.615366,0.000127,-6.53619,0.002298,False,True
unweighted,WordBiRNN,0.938552,0.931274,5,-0.7278,0.204063,-0.981137,-0.474463,-7.975053,0.00134,-3.566552,0.008038,False,True
unweighted,WordBiLSTM,0.940105,0.931678,5,-0.8427,0.111076,-0.980597,-0.704803,-16.96438,7.1e-05,-7.586701,0.001487,False,True
unweighted,WordBiGRU,0.939339,0.93063,5,-0.8709,0.212042,-1.134143,-0.607657,-9.183996,0.000781,-4.107208,0.00701,False,True
unweighted,WordTransformer,0.942306,0.925263,5,-1.70436,0.414721,-2.219221,-1.189499,-9.189471,0.000779,-4.109656,0.00701,False,True
oversampling,CharBiRNN,0.965106,0.955702,5,-0.94032,0.143087,-1.117958,-0.762682,-14.694647,0.000125,-6.571646,0.002298,False,True
oversampling,CharBiLSTM,0.967494,0.958874,5,-0.86196,0.06878,-0.947348,-0.776572,-28.022832,1e-05,-12.532192,0.000222,False,True
oversampling,CharBiGRU,0.966896,0.95902,5,-0.7876,0.169719,-0.998301,-0.576899,-10.376705,0.000487,-4.640604,0.005357,False,True
oversampling,CharTransformer,0.963114,0.954646,5,-0.84672,0.193341,-1.086746,-0.606694,-9.792647,0.000609,-4.379405,0.006095,False,True
oversampling,WordBiRNN,0.938552,0.931731,5,-0.6821,0.254169,-0.997642,-0.366558,-6.000809,0.003881,-2.683643,0.009267,False,True
oversampling,WordBiLSTM,0.940105,0.932962,5,-0.71424,0.087679,-0.823091,-0.605389,-18.215083,5.3e-05,-8.146033,0.001175,False,True
oversampling,WordBiGRU,0.939339,0.932369,5,-0.697,0.207789,-0.954963,-0.439037,-7.500573,0.00169,-3.354358,0.008452,False,True
oversampling,WordTransformer,0.942306,0.93534,5,-0.69666,0.210295,-0.957734,-0.435586,-7.407581,0.001772,-3.312771,0.008452,False,True
balanced,CharBiRNN,0.965106,0.955659,5,-0.9447,0.14262,-1.121757,-0.767643,-14.811524,0.000121,-6.623915,0.002298,False,True
balanced,CharBiLSTM,0.967494,0.958219,5,-0.92748,0.143784,-1.105982,-0.748978,-14.423821,0.000134,-6.450529,0.002298,False,True
balanced,CharBiGRU,0.966896,0.958615,5,-0.82814,0.162429,-1.029789,-0.626491,-11.400557,0.000338,-5.098484,0.004727,False,True
balanced,CharTransformer,0.963114,0.955317,5,-0.7797,0.04046,-0.829929,-0.729471,-43.091161,2e-06,-19.270953,4.2e-05,False,True
balanced,WordBiRNN,0.938552,0.930915,5,-0.76366,0.156785,-0.958302,-0.569018,-10.891353,0.000403,-4.870761,0.005223,False,True
balanced,WordBiLSTM,0.940105,0.93209,5,-0.80144,0.280704,-1.149924,-0.452956,-6.384216,0.003089,-2.855108,0.009267,False,True
balanced,WordBiGRU,0.939339,0.931361,5,-0.79788,0.279834,-1.145284,-0.450476,-6.37561,0.003105,-2.851259,0.009267,False,True
balanced,WordTransformer,0.942306,0.934993,5,-0.73134,0.186413,-0.962765,-0.499915,-8.772611,0.000931,-3.923231,0.00701,False,True
