quantity,value
"split unit, names against records as partitioned","410,186 distinct names over 461,344 records"
training names recorded again in 2022 or 2023,"993 of 169,329, and none in 2024, 2025, or 2026"
records removed so the evaluation names are novel,"0 of 18,946 in the 2024 to 2026 window, 0 names affected"
names removed for carrying both labels,"198 names over 915 records, 0.395 percent of the raw total, 1 in the evaluation window"
evaluation names,"18,882"
uniform attention per character position,5.35 percent on a name of 20.0 characters
"final character, three recurrent models",11.57 to 14.08 percent
final character over uniform,2.16 to 2.63 times
"p, final versus uniform, three recurrent",0.00023 to 0.02157
"character Transformer, final over uniform","1.46 times, p = 0.293"
"word models, first token",38.69 to 53.63 percent
"word models, last token",25.23 to 42.32 percent
"word models, first minus last",-2.6 to 28.4 points
"character over word F1, matched pairs",2.08 to 2.76 points
"entropy, three recurrent character models",3.13/3.47/3.77 bits
"F1, three recurrent character models",0.9651/0.9669/0.9675
character Transformer entropy,"3.49 bits, rank 2 of four"
"Transformer F1, mean pooling to attention pooling","CharTransformer 0.9534 to 0.9631 (+0.97 pp), WordTransformer 0.9359 to 0.9423 (+0.64 pp)"
attention pooling parameter cost,"CharTransformer +128, WordTransformer +192"
"entropy pairs separated, seed level",2 of 12
"entropy pairs separated, name level",12 of 12
character entropy rank of the Transformer per seed,"3, 2, 3, 2, 3"
"train to dev gap, character models",1.38 to 1.78 points
"sweep, how far the reported setting trails the best variant on dev","CharBiGRU -0.19, CharBiLSTM -0.04, CharBiRNN -0.57, CharTransformer -0.50, WordBiGRU -0.28, WordBiLSTM -0.22, WordBiRNN -0.40, WordTransformer -0.23"
"sweep spread against seed spread, per architecture","CharBiGRU 0.26 vs 0.27, CharBiLSTM 0.36 vs 0.14, CharBiRNN 0.79 vs 0.26, CharTransformer 1.37 vs 0.14, WordBiGRU 0.50 vs 0.36, WordBiLSTM 0.38 vs 0.27, WordBiRNN 0.56 vs 0.56, WordTransformer 0.52 vs 0.29"
"sweep on development, configurations and the gap","112 runs, worst character 0.9574, best word 0.9462, gap 1.13 pp"
"sweep on the test partition, reported post hoc only","worst character 0.9542, best word 0.9456, gap 0.86 pp"
"sweep, agreement between the two partitions","correlation 0.995 overall, 0.955 within character, 0.829 within word"
"character over word on the clean benchmark, one row per name","9.53 to 10.21 points, lowest bound 8.62, over 1,464 names"
the same on the uncontaminated rows before deduplication,"9.85 to 10.66 points, over 1,551 rows, reported only as a comparison"
names all twenty fits get right,"16,891 of 18,882 (89.46 percent)"
names all twenty fits get wrong,177 (0.94 percent)
"female share, always correct against always wrong",50.71 against 75.14 percent
"always wrong, false positives and false negatives","44 false positives, 133 false negatives"
"female skew, how it moves with the cutoff","20/20 75.14%, 19/20 68.90%, 18/20 65.65%, 16/20 61.32%, 15/20 60.06%, 10/20 58.38%, 5/20 53.59%, 1/20 53.24%"
McNemar pairs that separate in every seed,"30 of 46, 12 separate in some seeds only"
"always wrong, by category","misleading ending 114, ending not a marker against the label 33, ending balanced 11, first token conflicts with the label 9, no token seen 3, ending rare 3, ending never seen 3, ends in an initial 1"
marker endings found in training,"89 patterns, 90,720 training names"
evaluation names ending in a marker,"9,245 of 18,882 carry one (48.96 percent), 9,637 do not (51.04 percent)"
"serving cost, character models against the pretrained encoders","0.4594 to 1.6050 ms against 66.50 to 68.01 ms, single thread CPU"
"serving cost, the ratio and how much it moves","42 to 148 times, widest trial spread 36.4 percent"
"why CharBiGRU fell from the submitted figure, decomposed","training window +0.205 pp [+0.131, +0.280], selection signal +0.089 pp [+0.002, +0.176], both changes together +0.294 pp [+0.145, +0.443]"
selection arm matching the reported protocol against the grid,"0.9670 against 0.9669, 0.01 pp apart"
"AUC, character against word","0.9914 to 0.9922 against 0.9852 to 0.9857, no overlap"
"Brier, character against word","0.0265 to 0.0307 against 0.0456 to 0.0468, lower is better"
threshold-free paired tests,"8 of 8 favour character, every interval clear of zero"
the strongest baseline on the internal partition,"TF-IDF+SVM leads the four character models by 0.29 to 0.73 points, all separating after correction"
the same baseline on the clean external benchmark,"4 of 4 comparisons show no difference, CharBiLSTM ahead by +0.03 points"
what a rerun from the same seed returns,"weights differ by up to 1.7e-03, development F1 by up to 0.0066 points, 2 of 4 identical at four decimals"
the machine every timing was taken on,"NVIDIA GeForce RTX 5080 Laptop GPU, CUDA 12.8, PyTorch 2.11.0+cu128, Python 3.11.15, one pinned CPU thread"
"epoch budgets, whether either family ran out of them","grid stops at 38 of 50 at the latest, the pretrained encoders at 6 of 10, nothing reaches its ceiling"
"selection signal, both families","the 2022 to 2023 development partition for every model in the comparison, with the 2024 to 2026 partition scored once"
our labels against the independent source,"328 of 334 agree, 98.20 percent, on the 0.163 percent of the corpus a second source can examine, 1 disagreement in evaluation, at most 0.0053 points"
external errors that survive every character fit,"39 of 1,551 clean names, 8 of them disputed by independent registry evidence"
"external benchmark, what is in it","1,960 rows over 1,795 distinct names, 139 repeated up to 6 times, 1 carrying both labels, 866 female"
"external gap, published rows against one row per name","as published 9.85 to 10.66 pp, deduplicated 9.53 to 10.21 pp, on the clean subset"
accuracy with and without a marker ending,"character 97.51 against 95.55 (+1.96), word 95.82 against 92.04 (+3.78)"
"error rate, single-token against multi-token names",13.77 against 3.53 percent
"train to dev gap, word models",2.07 to 2.40 points
