Model,Seed,auc,brier
CharBiRNN,42,0.9918687016724547,0.02811699219409967
CharBiRNN,7,0.9912921696245098,0.027908648309015627
CharBiRNN,123,0.9912511531089901,0.02902167770914871
CharBiRNN,2024,0.9917208143782298,0.02657217714152728
CharBiRNN,777,0.9913212049852019,0.0284763795357174
CharBiGRU,42,0.9925541696349254,0.02547561862512901
CharBiGRU,7,0.9915741111700325,0.02866312562824309
CharBiGRU,123,0.9918848187107051,0.026376498157830632
CharBiGRU,2024,0.9922276649275829,0.026927601185063925
CharBiGRU,777,0.9919284447049109,0.026605286410145854
CharBiLSTM,42,0.9923156352241058,0.026325622210793508
CharBiLSTM,7,0.9922153582893923,0.026978151742861244
CharBiLSTM,123,0.9922607127124914,0.02566782048148364
CharBiLSTM,2024,0.9918107824691877,0.027428675776536536
CharBiLSTM,777,0.9923721121993678,0.02602440827273997
CharTransformer,42,0.9914907705937589,0.030420890318934597
CharTransformer,7,0.9911278285851073,0.03131094009648845
CharTransformer,123,0.9916686584752007,0.0303974096680286
CharTransformer,2024,0.9911487212499422,0.0307385822792281
CharTransformer,777,0.9915867937976249,0.030497463663385183
WordBiRNN,42,0.9854722408932449,0.04700821202227916
WordBiRNN,7,0.9853997871742853,0.047619022240026
WordBiRNN,123,0.985167582853698,0.04696259467781909
WordBiRNN,2024,0.9853603812402344,0.04528086405347871
WordBiRNN,777,0.9859664537092623,0.04668370099899942
WordBiGRU,42,0.9854254105714482,0.046721675773630345
WordBiGRU,7,0.9845259485213718,0.047827220689228254
WordBiGRU,123,0.985679265147457,0.04582243531765162
WordBiGRU,2024,0.9854512977223708,0.04659004948940753
WordBiGRU,777,0.9851388336938941,0.04704667427498798
WordBiLSTM,42,0.9862033494797023,0.044163425434098826
WordBiLSTM,7,0.9848557080623441,0.047439711142076214
WordBiLSTM,123,0.9861330450732952,0.045795669055722014
WordBiLSTM,2024,0.9857031096096877,0.04609325780158278
WordBiLSTM,777,0.985800131710771,0.044487157240001164
WordTransformer,42,0.9859266268915522,0.04556256739000381
WordTransformer,7,0.9854408149133693,0.04607074495924521
WordTransformer,123,0.9847978169179876,0.04818612472128662
WordTransformer,2024,0.9846565290795367,0.04765433959971645
WordTransformer,777,0.9865281762641909,0.043966045018687956
