Model,Seed,internal_f1,external_acc,external_prec,external_rec,external_f1,train_s
TF-IDF+SVM,42,0.9704725441862906,0.9530612244897959,0.9427917620137299,0.9515011547344111,0.9471264367816091,0.9
TF-IDF+LR,42,0.9668540211167724,0.9505102040816327,0.9445086705202312,0.9434180138568129,0.9439630271519353,2.1
TF-IDF+RF,42,0.9258941957592633,0.9244897959183673,0.9346246973365617,0.8914549653579676,0.9125295508274232,10.8
TF-IDF+SVM,7,0.9704725441862906,0.9530612244897959,0.9427917620137299,0.9515011547344111,0.9471264367816091,1.0
TF-IDF+LR,7,0.9668540211167724,0.9505102040816327,0.9445086705202312,0.9434180138568129,0.9439630271519353,2.0
TF-IDF+RF,7,0.9286477248451187,0.9270408163265306,0.9339735894357744,0.8983833718244804,0.9158328428487345,11.3
TF-IDF+SVM,123,0.9704725441862906,0.9530612244897959,0.9427917620137299,0.9515011547344111,0.9471264367816091,0.9
TF-IDF+LR,123,0.9668540211167724,0.9505102040816327,0.9445086705202312,0.9434180138568129,0.9439630271519353,2.0
TF-IDF+RF,123,0.9248120300751879,0.9255102040816326,0.9379562043795621,0.8903002309468823,0.9135071090047394,11.5
TF-IDF+SVM,2024,0.9704725441862906,0.9530612244897959,0.9427917620137299,0.9515011547344111,0.9471264367816091,1.1
TF-IDF+LR,2024,0.9668540211167724,0.9505102040816327,0.9445086705202312,0.9434180138568129,0.9439630271519353,2.2
TF-IDF+RF,2024,0.9287776708373436,0.9285714285714286,0.935251798561151,0.9006928406466512,0.9176470588235293,11.0
TF-IDF+SVM,777,0.9704725441862906,0.9530612244897959,0.9427917620137299,0.9515011547344111,0.9471264367816091,1.1
TF-IDF+LR,777,0.9668540211167724,0.9505102040816327,0.9445086705202312,0.9434180138568129,0.9439630271519353,2.1
TF-IDF+RF,777,0.9292002347543082,0.9244897959183673,0.9263657957244655,0.9006928406466512,0.9133489461358314,11.0
