partition,tokens,n_names,character_f1,character_acc_pct,word_f1,word_acc_pct,gap_f1_pp,gap_acc_pp
internal 2024-2026,1,159,0.8842,86.23,0.7789,67.52,10.53,18.71
internal 2024-2026,2,4485,0.9681,96.31,0.9325,92.01,3.56,4.3
internal 2024-2026,3,11630,0.9663,96.64,0.9448,94.53,2.15,2.11
internal 2024-2026,4,2412,0.9629,96.9,0.9526,96.06,1.03,0.84
internal 2024-2026,5 or more,196,0.9689,97.04,0.9338,93.72,3.51,3.32
external clean dedup,1,365,0.8838,88.6,0.7008,58.32,18.3,30.28
external clean dedup,2,657,0.9506,95.65,0.8892,89.93,6.14,5.72
external clean dedup,3,382,0.9574,96.06,0.9249,93.08,3.25,2.98
external clean dedup,4,59,0.9706,98.14,0.9441,96.44,2.65,1.7
