partition,model,seed,f1,precision,recall,accuracy
test 2024-2026,TF-IDF+SVM,42,0.9704725441862906,0.9799809342230696,0.9611468938292126,0.9701832433004979
test 2024-2026,TF-IDF+SVM,7,0.9704725441862906,0.9799809342230696,0.9611468938292126,0.9701832433004979
test 2024-2026,TF-IDF+SVM,123,0.9704725441862906,0.9799809342230696,0.9611468938292126,0.9701832433004979
test 2024-2026,TF-IDF+SVM,2024,0.9704725441862906,0.9799809342230696,0.9611468938292126,0.9701832433004979
test 2024-2026,TF-IDF+SVM,777,0.9704725441862906,0.9799809342230696,0.9611468938292126,0.9701832433004979
test 2024-2026,CharBiLSTM,42,0.9677385729921301,0.9710281351323083,0.9644712237689591,0.9672174557779896
test 2024-2026,CharBiLSTM,7,0.9671420362534608,0.9726804665335715,0.9616663203822979,0.966687850863256
test 2024-2026,CharBiLSTM,123,0.9679208749803758,0.9752188126120426,0.9607313525867442,0.9675352187268298
test 2024-2026,CharBiLSTM,2024,0.9666510098637858,0.9712637650760356,0.9620818616247663,0.9661582459485224
test 2024-2026,CharBiLSTM,777,0.9680695142378558,0.9756277695716395,0.9606274672761271,0.9676941002012499
test 2024-2026,CharBiGRU,42,0.968195304773307,0.9702660406885759,0.9661333887388324,0.9676411397097765
test 2024-2026,CharBiGRU,7,0.9654015516879849,0.9743915343915344,0.956575940162061,0.9650460756275818
test 2024-2026,CharBiGRU,123,0.9673360247470246,0.9765004763416958,0.9583419904425514,0.9670056138120962
test 2024-2026,CharBiGRU,2024,0.9663436490569969,0.9692725752508361,0.9634323706627883,0.9657875225082089
test 2024-2026,CharBiGRU,777,0.9673107049608355,0.9724905501889962,0.9621857469353834,0.966846732337676
test 2024-2026,CharBiRNN,42,0.9646068892979227,0.9767813398658004,0.9527321836692292,0.9643575892384282
test 2024-2026,CharBiRNN,7,0.9654165145271504,0.9695128339444735,0.9613546644504467,0.9648871941531617
test 2024-2026,CharBiRNN,123,0.964177545691906,0.9693406131877362,0.959069187616871,0.9636691028492744
test 2024-2026,CharBiRNN,2024,0.9668201800293071,0.9741615692891795,0.9595886141699563,0.9664230484058892
test 2024-2026,CharBiRNN,777,0.9645056895291785,0.9692614351657575,0.9597963847911906,0.9639868657981147
test 2024-2026,CharTransformer,42,0.9635492605707144,0.9659636667362707,0.9611468938292126,0.9629276559686474
test 2024-2026,CharTransformer,7,0.9625136102037641,0.9607701066142221,0.9642634531477249,0.9617095646647601
test 2024-2026,CharTransformer,123,0.9637246796196776,0.9587703063952293,0.9687305215042593,0.9628217349857007
test 2024-2026,CharTransformer,2024,0.9623013812441582,0.9620016611295681,0.9626012881778516,0.96155068319034
test 2024-2026,CharTransformer,777,0.963421614027785,0.9650787032210987,0.961770205692915,0.9627687744942273
"external, clean and deduplicated",TF-IDF+SVM,42,0.9371688115064346,0.9322289156626506,0.9421613394216134,0.9433060109289617
"external, clean and deduplicated",TF-IDF+SVM,7,0.9371688115064346,0.9322289156626506,0.9421613394216134,0.9433060109289617
"external, clean and deduplicated",TF-IDF+SVM,123,0.9371688115064346,0.9322289156626506,0.9421613394216134,0.9433060109289617
"external, clean and deduplicated",TF-IDF+SVM,2024,0.9371688115064346,0.9322289156626506,0.9421613394216134,0.9433060109289617
"external, clean and deduplicated",TF-IDF+SVM,777,0.9371688115064346,0.9322289156626506,0.9421613394216134,0.9433060109289617
"external, clean and deduplicated",CharBiLSTM,42,0.9389600602863604,0.9298507462686567,0.9482496194824962,0.944672131147541
"external, clean and deduplicated",CharBiLSTM,7,0.9362340585146286,0.9230769230769231,0.9497716894977168,0.9419398907103825
"external, clean and deduplicated",CharBiLSTM,123,0.9306930693069307,0.9314024390243902,0.9299847792998478,0.9378415300546448
"external, clean and deduplicated",CharBiLSTM,2024,0.9441087613293051,0.9370314842578711,0.9512937595129376,0.9494535519125683
"external, clean and deduplicated",CharBiLSTM,777,0.9333333333333333,0.9291101055806938,0.9375951293759512,0.9398907103825137
"external, clean and deduplicated",CharBiGRU,42,0.93594574227581,0.926865671641791,0.9452054794520548,0.9419398907103825
"external, clean and deduplicated",CharBiGRU,7,0.9343396226415095,0.9266467065868264,0.9421613394216134,0.9405737704918032
"external, clean and deduplicated",CharBiGRU,123,0.9292168674698795,0.9195230998509687,0.939117199391172,0.9357923497267759
"external, clean and deduplicated",CharBiGRU,2024,0.9433962264150944,0.9356287425149701,0.9512937595129376,0.9487704918032787
"external, clean and deduplicated",CharBiGRU,777,0.9373584905660376,0.9296407185628742,0.9452054794520548,0.9433060109289617
"external, clean and deduplicated",CharBiRNN,42,0.9227272727272728,0.918552036199095,0.9269406392694064,0.930327868852459
"external, clean and deduplicated",CharBiRNN,7,0.934733683420855,0.9215976331360947,0.9482496194824962,0.9405737704918032
"external, clean and deduplicated",CharBiRNN,123,0.934438583270535,0.9253731343283582,0.943683409436834,0.9405737704918032
"external, clean and deduplicated",CharBiRNN,2024,0.9341317365269461,0.9189985272459499,0.9497716894977168,0.9398907103825137
"external, clean and deduplicated",CharBiRNN,777,0.9240030097817907,0.9136904761904762,0.9345509893455098,0.9310109289617486
"external, clean and deduplicated",CharTransformer,42,0.9360421369450715,0.9255952380952381,0.9467275494672754,0.9419398907103825
"external, clean and deduplicated",CharTransformer,7,0.9386227544910181,0.9234167893961709,0.954337899543379,0.9439890710382514
"external, clean and deduplicated",CharTransformer,123,0.9375470278404816,0.9270833333333334,0.9482496194824962,0.9433060109289617
"external, clean and deduplicated",CharTransformer,2024,0.934947049924357,0.9293233082706767,0.9406392694063926,0.9412568306010929
"external, clean and deduplicated",CharTransformer,777,0.9386227544910181,0.9234167893961709,0.954337899543379,0.9439890710382514
