Year,Model,N,F1,F1_4dp
2024,CharBiRNN,8540,0.962622433387105,0.9626
2025,CharBiRNN,7383,0.9655676150128176,0.9656
2026,CharBiRNN,2959,0.9707483485789891,0.9707
2024,CharBiLSTM,8540,0.9636626999330318,0.9637
2025,CharBiLSTM,7383,0.9686332036651029,0.9686
2026,CharBiLSTM,2959,0.9753099927410318,0.9753
2024,CharBiGRU,8540,0.9634804532565063,0.9635
2025,CharBiGRU,7383,0.9674974659452835,0.9675
2026,CharBiGRU,2959,0.9748744499852003,0.9749
2024,CharTransformer,8540,0.961291808542546,0.9613
2025,CharTransformer,7383,0.9638260312799158,0.9638
2026,CharTransformer,2959,0.9663291497523631,0.9663
2024,WordBiRNN,8540,0.938704470023085,0.9387
2025,WordBiRNN,7383,0.9373601970635396,0.9374
2026,WordBiRNN,2959,0.9410545464351399,0.9411
2024,WordBiLSTM,8540,0.9404726403266577,0.9405
2025,WordBiLSTM,7383,0.9388565446792264,0.9389
2026,WordBiLSTM,2959,0.9421691002103412,0.9422
2024,WordBiGRU,8540,0.939850963162483,0.9399
2025,WordBiGRU,7383,0.9377225542053275,0.9377
2026,WordBiGRU,2959,0.9418546824627291,0.9419
2024,WordTransformer,8540,0.9437653045327319,0.9438
2025,WordTransformer,7383,0.9400203224310869,0.9400
2026,WordTransformer,2959,0.9437926346603824,0.9438
