view,subset,level,Model,n,f1_mean,f1_raw,f1_sd
as published,full,character,CharBiRNN,1960,0.9412,0.9412452766250297,0.0066
as published,full,character,CharBiGRU,1960,0.9459,0.9458531091923108,0.0042
as published,full,character,CharBiLSTM,1960,0.9457,0.9456501607238522,0.0029
as published,full,character,CharTransformer,1960,0.9473,0.9473359250958113,0.0026
as published,full,word,WordBiRNN,1960,0.8523,0.8523157345325236,0.0024
as published,full,word,WordBiGRU,1960,0.8519,0.8518773403175576,0.0033
as published,full,word,WordBiLSTM,1960,0.8526,0.8525834877011047,0.0015
as published,full,word,WordTransformer,1960,0.8542,0.8541780142132488,0.0012
as published,clean,character,CharBiRNN,1551,0.9313,0.9313235573371068,0.0077
as published,clean,character,CharBiGRU,1551,0.9385,0.9385003878581066,0.005
as published,clean,character,CharBiLSTM,1551,0.9393,0.9393482050190567,0.0049
as published,clean,character,CharTransformer,1551,0.9389,0.9389445563546275,0.003
as published,clean,word,WordBiRNN,1551,0.8328,0.8328329288448666,0.002
as published,clean,word,WordBiGRU,1551,0.8325,0.8325283727595272,0.0036
as published,clean,word,WordBiLSTM,1551,0.8328,0.8327913014309882,0.0011
as published,clean,word,WordTransformer,1551,0.8338,0.8337909637515061,0.0014
deduplicated,full,character,CharBiRNN,1795,0.9386,0.9385621685013531,0.0054
deduplicated,full,character,CharBiGRU,1795,0.9429,0.9428580733282151,0.0045
deduplicated,full,character,CharBiLSTM,1795,0.943,0.9429806465156128,0.004
deduplicated,full,character,CharTransformer,1795,0.9444,0.9444111684450869,0.0017
deduplicated,full,word,WordBiRNN,1795,0.8515,0.8514837614733286,0.0021
deduplicated,full,word,WordBiGRU,1795,0.8509,0.8509052588989288,0.003
deduplicated,full,word,WordBiLSTM,1795,0.8509,0.8509339767044131,0.0017
deduplicated,full,word,WordTransformer,1795,0.8529,0.8529060142514295,0.001
deduplicated,clean,character,CharBiRNN,1464,0.93,0.9300068571454799,0.0061
deduplicated,clean,character,CharBiGRU,1464,0.9361,0.9360513898736661,0.0051
deduplicated,clean,character,CharBiLSTM,1464,0.9367,0.9366658565541117,0.0052
deduplicated,clean,character,CharTransformer,1464,0.9372,0.9371563447383892,0.0016
deduplicated,clean,word,WordBiRNN,1464,0.8347,0.8347144256258696,0.0022
deduplicated,clean,word,WordBiGRU,1464,0.8344,0.8343896086916031,0.0038
deduplicated,clean,word,WordBiLSTM,1464,0.8346,0.8345607222915479,0.0015
deduplicated,clean,word,WordTransformer,1464,0.8359,0.8358942050878418,0.0012
unambiguous,full,character,CharBiRNN,1794,0.9391,0.9391484026508559,0.0054
unambiguous,full,character,CharBiGRU,1794,0.9434,0.9434479535723428,0.0045
unambiguous,full,character,CharBiLSTM,1794,0.9436,0.9435717928120659,0.004
unambiguous,full,character,CharTransformer,1794,0.945,0.9450000324315972,0.0017
unambiguous,full,word,WordBiRNN,1794,0.852,0.8519630447431894,0.0021
unambiguous,full,word,WordBiGRU,1794,0.8514,0.8513846477782512,0.003
unambiguous,full,word,WordBiLSTM,1794,0.8514,0.8514132683009951,0.0017
unambiguous,full,word,WordTransformer,1794,0.8534,0.8533855012995399,0.001
unambiguous,clean,character,CharBiRNN,1464,0.93,0.9300068571454799,0.0061
unambiguous,clean,character,CharBiGRU,1464,0.9361,0.9360513898736661,0.0051
unambiguous,clean,character,CharBiLSTM,1464,0.9367,0.9366658565541117,0.0052
unambiguous,clean,character,CharTransformer,1464,0.9372,0.9371563447383892,0.0016
unambiguous,clean,word,WordBiRNN,1464,0.8347,0.8347144256258696,0.0022
unambiguous,clean,word,WordBiGRU,1464,0.8344,0.8343896086916031,0.0038
unambiguous,clean,word,WordBiLSTM,1464,0.8346,0.8345607222915479,0.0015
unambiguous,clean,word,WordTransformer,1464,0.8359,0.8358942050878418,0.0012
