view,subset,pair,char_f1,word_f1,gap_pp,n
as published,full,BiRNN,0.9412,0.8523,8.893,1960
as published,full,BiGRU,0.9459,0.8519,9.398,1960
as published,full,BiLSTM,0.9457,0.8526,9.307,1960
as published,full,Transformer,0.9473,0.8542,9.316,1960
as published,clean,BiRNN,0.9313,0.8328,9.849,1551
as published,clean,BiGRU,0.9385,0.8325,10.597,1551
as published,clean,BiLSTM,0.9393,0.8328,10.656,1551
as published,clean,Transformer,0.9389,0.8338,10.515,1551
deduplicated,full,BiRNN,0.9386,0.8515,8.708,1795
deduplicated,full,BiGRU,0.9429,0.8509,9.195,1795
deduplicated,full,BiLSTM,0.943,0.8509,9.205,1795
deduplicated,full,Transformer,0.9444,0.8529,9.151,1795
deduplicated,clean,BiRNN,0.93,0.8347,9.529,1464
deduplicated,clean,BiGRU,0.9361,0.8344,10.166,1464
deduplicated,clean,BiLSTM,0.9367,0.8346,10.211,1464
deduplicated,clean,Transformer,0.9372,0.8359,10.126,1464
unambiguous,full,BiRNN,0.9391,0.852,8.719,1794
unambiguous,full,BiGRU,0.9434,0.8514,9.206,1794
unambiguous,full,BiLSTM,0.9436,0.8514,9.216,1794
unambiguous,full,Transformer,0.945,0.8534,9.161,1794
unambiguous,clean,BiRNN,0.93,0.8347,9.529,1464
unambiguous,clean,BiGRU,0.9361,0.8344,10.166,1464
unambiguous,clean,BiLSTM,0.9367,0.8346,10.211,1464
unambiguous,clean,Transformer,0.9372,0.8359,10.126,1464
