Model,Seed,epoch,train_loss,train_f1,dev_loss,dev_f1,lr,epoch_s
CharBiRNN,42,1,0.200862,0.921483,0.209785,0.935114,0.001,2.54
CharBiRNN,42,2,0.160964,0.942614,0.20173,0.944088,0.001,2.56
CharBiRNN,42,3,0.138547,0.947447,0.154283,0.955346,0.001,2.49
CharBiRNN,42,4,0.123713,0.955919,0.153174,0.959837,0.001,2.55
CharBiRNN,42,5,0.113247,0.95901,0.138578,0.960505,0.001,2.64
CharBiRNN,42,6,0.106151,0.962366,0.142561,0.962597,0.001,2.74
CharBiRNN,42,7,0.099253,0.964826,0.133306,0.962617,0.001,2.94
CharBiRNN,42,8,0.094796,0.966329,0.129103,0.965555,0.001,2.81
CharBiRNN,42,9,0.092713,0.966041,0.125866,0.964792,0.001,2.64
CharBiRNN,42,10,0.08654,0.969101,0.132664,0.965229,0.001,2.93
CharBiRNN,42,11,0.086625,0.970408,0.137293,0.964036,0.001,2.45
CharBiRNN,42,12,0.08204,0.969838,0.124007,0.966648,0.001,2.53
CharBiRNN,42,13,0.076838,0.972727,0.1281,0.967406,0.001,2.54
CharBiRNN,42,14,0.07403,0.973473,0.125168,0.966826,0.001,2.43
CharBiRNN,42,15,0.075134,0.97462,0.136149,0.96678,0.001,2.51
CharBiRNN,42,16,0.063503,0.979389,0.132746,0.968346,0.0005,2.56
CharBiRNN,42,17,0.06277,0.978892,0.142069,0.96724,0.0005,2.61
CharBiRNN,42,18,0.060169,0.980478,0.140288,0.967921,0.0005,2.48
CharBiRNN,42,19,0.055916,0.982434,0.140647,0.967532,0.00025,2.59
CharBiRNN,42,20,0.054384,0.981909,0.136415,0.966828,0.00025,2.52
CharBiRNN,42,21,0.053677,0.981794,0.136499,0.967576,0.00025,2.44
CharBiRNN,42,22,0.051242,0.984076,0.144614,0.967159,0.000125,2.53
CharBiRNN,7,1,0.208862,0.922715,0.228734,0.933854,0.001,2.54
CharBiRNN,7,2,0.165796,0.940382,0.187612,0.946884,0.001,2.55
CharBiRNN,7,3,0.140581,0.948596,0.159304,0.954498,0.001,2.48
CharBiRNN,7,4,0.128324,0.951177,0.14542,0.956141,0.001,2.54
CharBiRNN,7,5,0.126164,0.950393,0.144109,0.95577,0.001,2.58
CharBiRNN,7,6,0.110798,0.959659,0.132398,0.963578,0.001,2.55
CharBiRNN,7,7,0.102889,0.963946,0.142365,0.962968,0.001,2.47
CharBiRNN,7,8,0.106325,0.958633,0.129792,0.960864,0.001,2.54
CharBiRNN,7,9,0.095544,0.96484,0.127306,0.964364,0.001,2.56
CharBiRNN,7,10,0.092899,0.967185,0.135084,0.964095,0.001,2.55
CharBiRNN,7,11,0.088803,0.967167,0.125199,0.962819,0.001,2.57
CharBiRNN,7,12,0.087173,0.9703,0.139414,0.963359,0.001,2.58
CharBiRNN,7,13,0.088517,0.965809,0.125752,0.964558,0.001,2.55
CharBiRNN,7,14,0.083131,0.969046,0.128283,0.96317,0.001,2.46
CharBiRNN,7,15,0.072527,0.974293,0.125376,0.96532,0.0005,2.53
CharBiRNN,7,16,0.067837,0.976353,0.128457,0.966693,0.0005,2.55
CharBiRNN,7,17,0.068289,0.978055,0.142494,0.963815,0.0005,2.54
CharBiRNN,7,18,0.06304,0.979649,0.141634,0.965772,0.00025,2.46
CharBiRNN,7,19,0.061689,0.979171,0.135718,0.964918,0.00025,2.53
CharBiRNN,7,20,0.060056,0.980342,0.135184,0.965991,0.00025,2.54
CharBiRNN,7,21,0.058279,0.980864,0.138779,0.964836,0.000125,2.47
CharBiRNN,7,22,0.057469,0.981603,0.138784,0.965513,0.000125,2.52
CharBiRNN,123,1,0.208673,0.919511,0.220943,0.933129,0.001,2.46
CharBiRNN,123,2,0.162097,0.939434,0.173954,0.952083,0.001,2.51
CharBiRNN,123,3,0.137905,0.948544,0.150074,0.958082,0.001,2.52
CharBiRNN,123,4,0.122641,0.955904,0.142308,0.961586,0.001,2.54
CharBiRNN,123,5,0.115912,0.958865,0.145649,0.961262,0.001,2.53
CharBiRNN,123,6,0.112626,0.957137,0.133803,0.962774,0.001,2.52
CharBiRNN,123,7,0.105586,0.959797,0.125304,0.965241,0.001,2.54
CharBiRNN,123,8,0.098213,0.965068,0.129158,0.965956,0.001,2.56
CharBiRNN,123,9,0.093671,0.965385,0.125324,0.967915,0.001,2.47
CharBiRNN,123,10,0.090936,0.966604,0.120873,0.966433,0.001,2.54
CharBiRNN,123,11,0.08586,0.968501,0.118329,0.968443,0.001,2.76
CharBiRNN,123,12,0.097331,0.966933,0.152042,0.96238,0.001,2.53
CharBiRNN,123,13,0.081493,0.96912,0.122093,0.966108,0.001,2.6
CharBiRNN,123,14,0.075764,0.973989,0.125922,0.968003,0.001,3.1
CharBiRNN,123,15,0.068952,0.976286,0.127897,0.967615,0.0005,2.86
CharBiRNN,123,16,0.066839,0.97707,0.126844,0.969285,0.0005,2.53
CharBiRNN,123,17,0.06562,0.976311,0.125417,0.967368,0.0005,2.63
CharBiRNN,123,18,0.061238,0.979243,0.128385,0.968228,0.00025,3.18
CharBiRNN,123,19,0.061256,0.979485,0.133667,0.967496,0.00025,2.46
CharBiRNN,123,20,0.062682,0.979495,0.14757,0.966175,0.00025,2.52
CharBiRNN,123,21,0.058111,0.981364,0.139286,0.967156,0.000125,2.56
CharBiRNN,123,22,0.05673,0.980827,0.134187,0.968094,0.000125,2.52
CharBiRNN,2024,1,0.20825,0.919909,0.226088,0.932285,0.001,2.54
CharBiRNN,2024,2,0.160184,0.942002,0.18478,0.945941,0.001,2.53
CharBiRNN,2024,3,0.154043,0.946964,0.189807,0.948718,0.001,2.46
CharBiRNN,2024,4,0.125922,0.955137,0.15252,0.958372,0.001,2.53
CharBiRNN,2024,5,0.122422,0.955313,0.150399,0.957966,0.001,2.55
CharBiRNN,2024,6,0.11502,0.956273,0.132022,0.961485,0.001,2.53
CharBiRNN,2024,7,0.104223,0.96398,0.13829,0.963402,0.001,2.5
CharBiRNN,2024,8,0.096106,0.965635,0.123107,0.965892,0.001,2.54
CharBiRNN,2024,9,0.093749,0.96593,0.123414,0.964547,0.001,2.54
CharBiRNN,2024,10,0.094921,0.967585,0.13978,0.965009,0.001,2.49
CharBiRNN,2024,11,0.090118,0.965361,0.116526,0.966525,0.001,2.58
CharBiRNN,2024,12,0.081675,0.97138,0.129681,0.967286,0.001,2.66
CharBiRNN,2024,13,0.077481,0.973144,0.125108,0.968187,0.001,2.55
CharBiRNN,2024,14,0.076132,0.972739,0.117961,0.968191,0.001,2.52
CharBiRNN,2024,15,0.068802,0.976289,0.120918,0.970109,0.0005,2.72
CharBiRNN,2024,16,0.069645,0.977069,0.137118,0.967467,0.0005,2.53
CharBiRNN,2024,17,0.064941,0.978497,0.127078,0.968317,0.0005,2.57
CharBiRNN,2024,18,0.061204,0.97933,0.122571,0.968425,0.00025,2.54
CharBiRNN,2024,19,0.059123,0.980578,0.126542,0.96824,0.00025,2.56
CharBiRNN,2024,20,0.057865,0.981314,0.129727,0.968585,0.00025,2.53
CharBiRNN,2024,21,0.056291,0.982106,0.131033,0.968811,0.000125,2.52
CharBiRNN,777,1,0.213483,0.91469,0.236869,0.925627,0.001,2.53
CharBiRNN,777,2,0.161038,0.939596,0.181298,0.945797,0.001,2.47
CharBiRNN,777,3,0.14083,0.948691,0.165981,0.952694,0.001,2.55
CharBiRNN,777,4,0.122417,0.95523,0.151625,0.957314,0.001,2.54
CharBiRNN,777,5,0.117782,0.956022,0.142608,0.957678,0.001,2.46
CharBiRNN,777,6,0.108053,0.961432,0.137654,0.961135,0.001,2.54
CharBiRNN,777,7,0.116477,0.955952,0.135545,0.959645,0.001,2.61
CharBiRNN,777,8,0.10006,0.96539,0.13769,0.963027,0.001,2.57
CharBiRNN,777,9,0.098839,0.962565,0.126116,0.963483,0.001,2.48
CharBiRNN,777,10,0.091734,0.967263,0.130639,0.964755,0.001,2.55
CharBiRNN,777,11,0.088721,0.969504,0.141962,0.964643,0.001,2.53
CharBiRNN,777,12,0.089128,0.969589,0.139093,0.965101,0.001,2.47
CharBiRNN,777,13,0.075868,0.973348,0.127082,0.967117,0.0005,2.54
CharBiRNN,777,14,0.075088,0.973474,0.1321,0.966898,0.0005,2.55
CharBiRNN,777,15,0.074928,0.972638,0.12253,0.966787,0.0005,2.55
CharBiRNN,777,16,0.07573,0.974929,0.155474,0.962557,0.0005,2.49
CharBiRNN,777,17,0.068865,0.976956,0.137026,0.965275,0.0005,2.55
CharBiRNN,777,18,0.06784,0.975942,0.126139,0.966785,0.0005,2.53
CharBiRNN,777,19,0.064627,0.976968,0.127712,0.96703,0.00025,2.52
CharBiLSTM,42,1,0.191424,0.925712,0.205012,0.938633,0.001,2.92
CharBiLSTM,42,2,0.148369,0.94729,0.174708,0.953842,0.001,2.82
CharBiLSTM,42,3,0.120511,0.955845,0.138342,0.962129,0.001,2.89
CharBiLSTM,42,4,0.115357,0.959923,0.14856,0.962309,0.001,2.9
CharBiLSTM,42,5,0.102407,0.962034,0.122553,0.967225,0.001,3.04
CharBiLSTM,42,6,0.093081,0.967311,0.126512,0.968775,0.001,3.04
CharBiLSTM,42,7,0.087788,0.970847,0.137929,0.967441,0.001,2.83
CharBiLSTM,42,8,0.081531,0.97046,0.111097,0.971878,0.001,2.74
CharBiLSTM,42,9,0.07647,0.973909,0.115725,0.971425,0.001,2.77
CharBiLSTM,42,10,0.069895,0.976022,0.114433,0.972239,0.001,2.69
CharBiLSTM,42,11,0.069694,0.977334,0.134226,0.969903,0.001,2.77
CharBiLSTM,42,12,0.060436,0.979353,0.11991,0.971817,0.0005,2.77
CharBiLSTM,42,13,0.057984,0.979669,0.118822,0.970798,0.0005,2.7
CharBiLSTM,42,14,0.05332,0.982994,0.139572,0.970343,0.0005,2.81
CharBiLSTM,42,15,0.050581,0.984419,0.141154,0.97049,0.00025,2.98
CharBiLSTM,42,16,0.047922,0.98503,0.143629,0.970548,0.00025,2.91
CharBiLSTM,7,1,0.213552,0.91294,0.216735,0.9307,0.001,2.97
CharBiLSTM,7,2,0.151037,0.941164,0.161372,0.953124,0.001,2.93
CharBiLSTM,7,3,0.125783,0.953306,0.143443,0.959666,0.001,2.87
CharBiLSTM,7,4,0.112423,0.960564,0.136362,0.963595,0.001,2.96
CharBiLSTM,7,5,0.102666,0.961691,0.123972,0.964921,0.001,2.85
CharBiLSTM,7,6,0.095244,0.967651,0.13183,0.966632,0.001,2.72
CharBiLSTM,7,7,0.089545,0.968993,0.127404,0.968073,0.001,2.76
CharBiLSTM,7,8,0.086042,0.967653,0.116102,0.966734,0.001,2.88
CharBiLSTM,7,9,0.078233,0.971562,0.120425,0.970324,0.001,2.8
CharBiLSTM,7,10,0.07534,0.971478,0.114372,0.969557,0.001,2.75
CharBiLSTM,7,11,0.074816,0.970724,0.118058,0.966872,0.001,2.8
CharBiLSTM,7,12,0.067858,0.978117,0.151438,0.966907,0.001,2.78
CharBiLSTM,7,13,0.064436,0.975667,0.119799,0.969192,0.001,2.75
CharBiLSTM,7,14,0.053249,0.983612,0.143121,0.968089,0.0005,2.86
CharBiLSTM,7,15,0.048323,0.984707,0.133753,0.96912,0.0005,2.81
CharBiLSTM,123,1,0.200274,0.92159,0.216542,0.933717,0.001,3.08
CharBiLSTM,123,2,0.1492,0.943601,0.163312,0.953605,0.001,2.77
CharBiLSTM,123,3,0.136377,0.94521,0.143496,0.955566,0.001,3.71
CharBiLSTM,123,4,0.110693,0.958721,0.130042,0.964839,0.001,3.61
CharBiLSTM,123,5,0.101749,0.962417,0.123186,0.965227,0.001,3.36
CharBiLSTM,123,6,0.094398,0.966925,0.132536,0.965066,0.001,3.27
CharBiLSTM,123,7,0.088342,0.967181,0.11315,0.969505,0.001,3.63
CharBiLSTM,123,8,0.08106,0.972171,0.117325,0.970677,0.001,3.12
CharBiLSTM,123,9,0.076453,0.973605,0.119693,0.971218,0.001,3.25
CharBiLSTM,123,10,0.071479,0.975818,0.114502,0.971495,0.001,3.53
CharBiLSTM,123,11,0.063827,0.978403,0.121088,0.971436,0.0005,3.22
CharBiLSTM,123,12,0.0603,0.980173,0.124016,0.971208,0.0005,3.17
CharBiLSTM,123,13,0.056905,0.980663,0.125657,0.97072,0.0005,3.43
CharBiLSTM,123,14,0.054535,0.981386,0.125471,0.970186,0.00025,3.4
CharBiLSTM,123,15,0.05177,0.983586,0.134229,0.97053,0.00025,3.29
CharBiLSTM,123,16,0.050381,0.984402,0.14319,0.970865,0.00025,3.34
CharBiLSTM,2024,1,0.198581,0.92349,0.221754,0.934557,0.001,3.58
CharBiLSTM,2024,2,0.149621,0.945034,0.170484,0.952798,0.001,3.46
CharBiLSTM,2024,3,0.144091,0.949617,0.189126,0.95028,0.001,3.71
CharBiLSTM,2024,4,0.115929,0.95921,0.146976,0.962504,0.001,3.21
CharBiLSTM,2024,5,0.113998,0.954676,0.130168,0.961272,0.001,3.18
CharBiLSTM,2024,6,0.097824,0.966117,0.138691,0.963981,0.001,3.38
CharBiLSTM,2024,7,0.090036,0.969178,0.130958,0.966252,0.001,3.28
CharBiLSTM,2024,8,0.081316,0.971341,0.120456,0.969419,0.001,3.48
CharBiLSTM,2024,9,0.077564,0.973339,0.12661,0.968625,0.001,3.64
CharBiLSTM,2024,10,0.075224,0.97498,0.133391,0.967439,0.001,3.45
CharBiLSTM,2024,11,0.072412,0.973312,0.115586,0.968566,0.001,3.3
CharBiLSTM,2024,12,0.063148,0.979366,0.130582,0.967643,0.001,3.3
CharBiLSTM,2024,13,0.058865,0.97963,0.127436,0.96859,0.001,3.27
CharBiLSTM,2024,14,0.056206,0.981455,0.133927,0.968877,0.001,3.34
CharBiLSTM,777,1,0.207279,0.916137,0.21634,0.931694,0.001,3.27
CharBiLSTM,777,2,0.160303,0.935459,0.162843,0.95033,0.001,3.44
CharBiLSTM,777,3,0.128865,0.95354,0.150372,0.9607,0.001,3.39
CharBiLSTM,777,4,0.128667,0.955899,0.169219,0.957431,0.001,3.22
CharBiLSTM,777,5,0.104423,0.962962,0.132211,0.96491,0.001,3.38
CharBiLSTM,777,6,0.098312,0.963749,0.118458,0.967675,0.001,3.27
CharBiLSTM,777,7,0.087183,0.969437,0.119791,0.968879,0.001,3.35
CharBiLSTM,777,8,0.082721,0.971877,0.115656,0.970151,0.001,3.43
CharBiLSTM,777,9,0.077781,0.971774,0.117187,0.96986,0.001,3.34
CharBiLSTM,777,10,0.070502,0.975536,0.118968,0.971306,0.001,3.3
CharBiLSTM,777,11,0.06816,0.976463,0.12456,0.968047,0.001,3.12
CharBiLSTM,777,12,0.061984,0.97967,0.12926,0.970224,0.0005,3.22
CharBiLSTM,777,13,0.056052,0.981407,0.127343,0.97099,0.0005,3.27
CharBiLSTM,777,14,0.054729,0.981012,0.131766,0.968599,0.0005,3.32
CharBiLSTM,777,15,0.049681,0.983603,0.132641,0.969697,0.00025,3.18
CharBiLSTM,777,16,0.051395,0.98362,0.163199,0.967462,0.00025,3.4
CharBiGRU,42,1,0.188708,0.927313,0.203752,0.939292,0.001,3.33
CharBiGRU,42,2,0.141098,0.949635,0.161845,0.955488,0.001,3.34
CharBiGRU,42,3,0.116738,0.957821,0.133739,0.962664,0.001,3.32
CharBiGRU,42,4,0.106861,0.963432,0.135793,0.966152,0.001,3.35
CharBiGRU,42,5,0.098917,0.963449,0.118085,0.968305,0.001,3.07
CharBiGRU,42,6,0.089692,0.969307,0.12997,0.968528,0.001,3.23
CharBiGRU,42,7,0.082296,0.972843,0.125389,0.969648,0.001,3.2
CharBiGRU,42,8,0.075109,0.973726,0.111842,0.97139,0.001,3.17
CharBiGRU,42,9,0.070437,0.976829,0.118085,0.970494,0.001,3.22
CharBiGRU,42,10,0.064511,0.978183,0.117191,0.970406,0.001,3.23
CharBiGRU,42,11,0.063936,0.979873,0.137386,0.96707,0.001,3.7
CharBiGRU,42,12,0.054729,0.981897,0.121817,0.970536,0.0005,3.18
CharBiGRU,42,13,0.050755,0.9838,0.124739,0.969834,0.0005,3.21
CharBiGRU,42,14,0.048008,0.984314,0.131884,0.969243,0.0005,3.21
CharBiGRU,7,1,0.192007,0.927296,0.208506,0.937017,0.001,3.34
CharBiGRU,7,2,0.141853,0.947353,0.153393,0.955606,0.001,3.22
CharBiGRU,7,3,0.121561,0.955872,0.137759,0.96194,0.001,3.23
CharBiGRU,7,4,0.106977,0.961204,0.128389,0.964082,0.001,3.13
CharBiGRU,7,5,0.097301,0.96449,0.120103,0.96715,0.001,3.23
CharBiGRU,7,6,0.092341,0.968561,0.129876,0.966795,0.001,3.26
CharBiGRU,7,7,0.083554,0.971578,0.127113,0.967148,0.001,3.36
CharBiGRU,7,8,0.076808,0.973377,0.11733,0.970456,0.001,3.22
CharBiGRU,7,9,0.078385,0.970077,0.112803,0.969119,0.001,3.27
CharBiGRU,7,10,0.06941,0.974436,0.112384,0.969527,0.001,3.19
CharBiGRU,7,11,0.066526,0.975069,0.114149,0.969038,0.001,3.06
CharBiGRU,7,12,0.05938,0.980984,0.130282,0.969719,0.001,3.19
CharBiGRU,7,13,0.05464,0.980667,0.119191,0.971038,0.001,3.18
CharBiGRU,7,14,0.047897,0.985582,0.141098,0.969136,0.0005,3.21
CharBiGRU,7,15,0.042584,0.98697,0.133176,0.970222,0.0005,3.13
CharBiGRU,7,16,0.039397,0.988106,0.139707,0.971063,0.0005,3.22
CharBiGRU,7,17,0.035885,0.98978,0.14949,0.969809,0.00025,3.4
CharBiGRU,7,18,0.033936,0.989975,0.150976,0.969831,0.00025,3.09
CharBiGRU,7,19,0.032635,0.990282,0.154846,0.968566,0.00025,3.21
CharBiGRU,7,20,0.031026,0.991807,0.166601,0.96814,0.000125,3.21
CharBiGRU,7,21,0.029668,0.991751,0.161634,0.96861,0.000125,3.22
CharBiGRU,7,22,0.028457,0.992366,0.16661,0.968813,0.000125,3.12
CharBiGRU,123,1,0.200584,0.921459,0.213949,0.934641,0.001,3.27
CharBiGRU,123,2,0.14243,0.947424,0.159628,0.955525,0.001,3.37
CharBiGRU,123,3,0.120051,0.955104,0.132742,0.962995,0.001,3.29
CharBiGRU,123,4,0.105413,0.961812,0.126597,0.965619,0.001,3.24
CharBiGRU,123,5,0.093609,0.966162,0.117058,0.968807,0.001,3.26
CharBiGRU,123,6,0.087244,0.969373,0.115711,0.970233,0.001,3.22
CharBiGRU,123,7,0.083569,0.968824,0.110671,0.968727,0.001,3.34
CharBiGRU,123,8,0.076558,0.973837,0.115393,0.972244,0.001,3.27
CharBiGRU,123,9,0.070552,0.97584,0.117243,0.970758,0.001,3.12
CharBiGRU,123,10,0.067294,0.977554,0.115937,0.971506,0.001,3.44
CharBiGRU,123,11,0.060844,0.978794,0.11541,0.97057,0.0005,3.51
CharBiGRU,123,12,0.056825,0.981098,0.118716,0.970831,0.0005,3.29
CharBiGRU,123,13,0.054254,0.983155,0.13583,0.969255,0.0005,3.3
CharBiGRU,123,14,0.049877,0.983869,0.12195,0.969667,0.00025,3.39
CharBiGRU,2024,1,0.187864,0.929913,0.210258,0.940058,0.001,3.34
CharBiGRU,2024,2,0.139958,0.948283,0.156757,0.954277,0.001,3.31
CharBiGRU,2024,3,0.124988,0.955816,0.15006,0.960472,0.001,3.46
CharBiGRU,2024,4,0.109521,0.961224,0.135664,0.965854,0.001,3.36
CharBiGRU,2024,5,0.112165,0.954792,0.123809,0.96266,0.001,3.29
CharBiGRU,2024,6,0.093063,0.966866,0.124218,0.967738,0.001,3.33
CharBiGRU,2024,7,0.085533,0.969362,0.11651,0.970781,0.001,3.35
CharBiGRU,2024,8,0.077727,0.973157,0.117445,0.97118,0.001,3.23
CharBiGRU,2024,9,0.07457,0.974374,0.116401,0.970408,0.001,3.29
CharBiGRU,2024,10,0.069239,0.975906,0.122077,0.96966,0.001,3.44
CharBiGRU,2024,11,0.06529,0.976754,0.115692,0.971184,0.001,3.34
CharBiGRU,2024,12,0.061824,0.980175,0.134489,0.968257,0.001,3.17
CharBiGRU,2024,13,0.05676,0.980333,0.121069,0.970053,0.001,3.33
CharBiGRU,2024,14,0.051738,0.982721,0.127358,0.970682,0.001,3.3
CharBiGRU,2024,15,0.044629,0.986657,0.135212,0.970212,0.0005,3.16
CharBiGRU,2024,16,0.046668,0.98572,0.166125,0.965509,0.0005,3.28
CharBiGRU,2024,17,0.039685,0.987789,0.141156,0.970527,0.0005,3.53
CharBiGRU,777,1,0.191718,0.925472,0.209264,0.937465,0.001,3.2
CharBiGRU,777,2,0.139422,0.946316,0.149128,0.955678,0.001,3.45
CharBiGRU,777,3,0.115561,0.95798,0.131146,0.964437,0.001,3.28
CharBiGRU,777,4,0.111247,0.961713,0.140324,0.964002,0.001,3.19
CharBiGRU,777,5,0.095706,0.965351,0.119925,0.969407,0.001,3.51
CharBiGRU,777,6,0.092917,0.964854,0.113621,0.967711,0.001,3.31
CharBiGRU,777,7,0.083169,0.970266,0.113556,0.971023,0.001,3.27
CharBiGRU,777,8,0.077215,0.97362,0.113966,0.970951,0.001,3.18
CharBiGRU,777,9,0.074095,0.97268,0.112917,0.970979,0.001,3.39
CharBiGRU,777,10,0.067182,0.976424,0.11788,0.971887,0.001,3.2
CharBiGRU,777,11,0.063884,0.977526,0.117041,0.969767,0.001,3.13
CharBiGRU,777,12,0.064927,0.979015,0.154196,0.964399,0.001,3.85
CharBiGRU,777,13,0.051062,0.983663,0.127924,0.970948,0.0005,3.55
CharBiGRU,777,14,0.051279,0.98211,0.128146,0.970268,0.0005,3.39
CharBiGRU,777,15,0.045387,0.986033,0.13367,0.970181,0.0005,3.16
CharBiGRU,777,16,0.041737,0.987791,0.149019,0.968831,0.00025,3.27
CharTransformer,42,1,0.284238,0.882465,0.328429,0.889514,0.001,4.99
CharTransformer,42,2,0.192819,0.922761,0.230505,0.930005,0.001,5.35
CharTransformer,42,3,0.172942,0.931399,0.209017,0.936404,0.001,5.47
CharTransformer,42,4,0.155095,0.942099,0.207305,0.941518,0.001,5.41
CharTransformer,42,5,0.135256,0.94859,0.175139,0.950267,0.001,5.36
CharTransformer,42,6,0.130007,0.951228,0.175241,0.950482,0.001,5.29
CharTransformer,42,7,0.131914,0.949102,0.172132,0.951439,0.001,5.81
CharTransformer,42,8,0.12287,0.953427,0.164125,0.953179,0.001,5.41
CharTransformer,42,9,0.117839,0.952771,0.153683,0.954163,0.001,5.44
CharTransformer,42,10,0.12275,0.951974,0.167468,0.954587,0.001,5.57
CharTransformer,42,11,0.103082,0.962703,0.159529,0.957551,0.001,5.94
CharTransformer,42,12,0.104336,0.959753,0.150769,0.959525,0.001,5.68
CharTransformer,42,13,0.101376,0.962263,0.151944,0.960092,0.001,5.81
CharTransformer,42,14,0.09655,0.965302,0.153524,0.96102,0.001,5.45
CharTransformer,42,15,0.092442,0.966067,0.150215,0.960509,0.001,5.61
CharTransformer,42,16,0.094086,0.966605,0.164472,0.9582,0.001,5.66
CharTransformer,42,17,0.093046,0.966087,0.15747,0.960015,0.001,5.6
CharTransformer,42,18,0.086382,0.969314,0.162951,0.960236,0.001,5.75
CharTransformer,42,19,0.076502,0.972618,0.153207,0.962306,0.0005,5.57
CharTransformer,42,20,0.076138,0.971638,0.151577,0.961683,0.0005,5.72
CharTransformer,42,21,0.070478,0.974832,0.151427,0.9641,0.0005,5.67
CharTransformer,42,22,0.066653,0.976249,0.150441,0.963928,0.00025,5.7
CharTransformer,42,23,0.065914,0.976887,0.160663,0.964369,0.00025,5.59
CharTransformer,42,24,0.066193,0.97533,0.152971,0.963112,0.00025,5.85
CharTransformer,42,25,0.061852,0.978069,0.157999,0.964746,0.000125,5.51
CharTransformer,42,26,0.059729,0.979842,0.164328,0.965437,0.000125,5.49
CharTransformer,42,27,0.058134,0.979372,0.154304,0.96534,0.000125,5.5
CharTransformer,42,28,0.058051,0.979315,0.155196,0.965618,6.25e-05,5.89
CharTransformer,42,29,0.056426,0.98045,0.158539,0.965606,6.25e-05,5.5
CharTransformer,42,30,0.057116,0.979476,0.15578,0.965101,6.25e-05,5.47
CharTransformer,42,31,0.056226,0.980281,0.157835,0.965214,3.125e-05,5.3
CharTransformer,42,32,0.05623,0.980218,0.158615,0.965471,3.125e-05,5.42
CharTransformer,42,33,0.056129,0.980144,0.158484,0.965071,3.125e-05,5.56
CharTransformer,42,34,0.055342,0.980695,0.158512,0.965454,1.5625e-05,5.54
CharTransformer,7,1,0.308578,0.875237,0.353847,0.890269,0.001,5.48
CharTransformer,7,2,0.213969,0.91518,0.255868,0.919658,0.001,5.46
CharTransformer,7,3,0.178787,0.927902,0.212048,0.932734,0.001,5.6
CharTransformer,7,4,0.166861,0.934084,0.20301,0.938291,0.001,5.68
CharTransformer,7,5,0.143504,0.943987,0.185204,0.945373,0.001,5.53
CharTransformer,7,6,0.139657,0.94316,0.177138,0.947236,0.001,5.74
CharTransformer,7,7,0.131968,0.948056,0.169863,0.952082,0.001,5.99
CharTransformer,7,8,0.124304,0.951325,0.164275,0.953662,0.001,5.53
CharTransformer,7,9,0.121684,0.952035,0.155289,0.955601,0.001,5.65
CharTransformer,7,10,0.113189,0.957209,0.158072,0.958116,0.001,5.67
CharTransformer,7,11,0.116374,0.956249,0.159511,0.955593,0.001,6.05
CharTransformer,7,12,0.106027,0.962861,0.170009,0.957026,0.001,5.49
CharTransformer,7,13,0.09737,0.962725,0.149435,0.960364,0.0005,5.53
CharTransformer,7,14,0.087764,0.967339,0.150485,0.961088,0.0005,5.9
CharTransformer,7,15,0.090569,0.965037,0.146317,0.961055,0.0005,5.75
CharTransformer,7,16,0.084311,0.970396,0.154266,0.963953,0.0005,5.64
CharTransformer,7,17,0.078432,0.972559,0.15358,0.963268,0.0005,5.8
CharTransformer,7,18,0.078225,0.971795,0.14905,0.962963,0.0005,5.74
CharTransformer,7,19,0.075057,0.971922,0.146049,0.963717,0.00025,5.67
CharTransformer,7,20,0.06943,0.975155,0.144064,0.96419,0.00025,5.59
CharTransformer,7,21,0.069722,0.974661,0.145401,0.964164,0.00025,5.81
CharTransformer,7,22,0.072382,0.972476,0.146088,0.963008,0.00025,5.61
CharTransformer,7,23,0.0665,0.975421,0.142331,0.964244,0.00025,5.86
CharTransformer,7,24,0.066565,0.975624,0.145905,0.964921,0.00025,5.64
CharTransformer,7,25,0.062316,0.977929,0.146161,0.964792,0.00025,5.57
CharTransformer,7,26,0.062671,0.977192,0.143914,0.96513,0.00025,5.54
CharTransformer,7,27,0.058961,0.979169,0.148845,0.964784,0.000125,5.52
CharTransformer,7,28,0.058685,0.979241,0.149145,0.965378,0.000125,5.98
CharTransformer,7,29,0.05622,0.980815,0.154394,0.964769,0.000125,5.68
CharTransformer,7,30,0.058464,0.978971,0.150905,0.965891,6.25e-05,5.69
CharTransformer,7,31,0.057407,0.979351,0.149966,0.965248,6.25e-05,5.61
CharTransformer,7,32,0.055871,0.980161,0.150417,0.965441,6.25e-05,5.72
CharTransformer,7,33,0.05419,0.981307,0.153231,0.965374,3.125e-05,5.69
CharTransformer,7,34,0.054692,0.980762,0.152559,0.965732,3.125e-05,5.59
CharTransformer,7,35,0.054112,0.980889,0.151573,0.965462,3.125e-05,5.91
CharTransformer,7,36,0.054866,0.98054,0.151812,0.965201,1.5625e-05,6.1
CharTransformer,123,1,0.297093,0.877941,0.329668,0.891684,0.001,5.79
CharTransformer,123,2,0.216535,0.913667,0.257034,0.918744,0.001,5.94
CharTransformer,123,3,0.194886,0.921178,0.217761,0.932445,0.001,5.78
CharTransformer,123,4,0.171976,0.930245,0.203979,0.93631,0.001,5.92
CharTransformer,123,5,0.148449,0.942433,0.196278,0.944546,0.001,5.76
CharTransformer,123,6,0.142121,0.942984,0.176122,0.945998,0.001,5.64
CharTransformer,123,7,0.133711,0.949275,0.180702,0.94912,0.001,5.66
CharTransformer,123,8,0.128774,0.951367,0.177345,0.950768,0.001,5.93
CharTransformer,123,9,0.127538,0.952858,0.17132,0.954307,0.001,5.7
CharTransformer,123,10,0.114849,0.956612,0.167152,0.954844,0.001,5.8
CharTransformer,123,11,0.106957,0.960931,0.165996,0.955339,0.001,5.79
CharTransformer,123,12,0.105927,0.960791,0.153762,0.959216,0.001,5.89
CharTransformer,123,13,0.105707,0.960661,0.155727,0.95768,0.001,5.54
CharTransformer,123,14,0.109173,0.956213,0.152423,0.95585,0.001,5.79
CharTransformer,123,15,0.099489,0.963284,0.154664,0.960005,0.001,5.67
CharTransformer,123,16,0.094861,0.965596,0.157317,0.960342,0.001,5.72
CharTransformer,123,17,0.093049,0.965399,0.149236,0.961192,0.001,5.78
CharTransformer,123,18,0.090292,0.967147,0.156562,0.960925,0.001,5.8
CharTransformer,123,19,0.092566,0.96482,0.147978,0.960164,0.001,5.91
CharTransformer,123,20,0.082739,0.969216,0.139331,0.964517,0.001,5.94
CharTransformer,123,21,0.081927,0.969925,0.145944,0.962005,0.001,5.97
CharTransformer,123,22,0.088972,0.966813,0.147998,0.961817,0.001,5.74
CharTransformer,123,23,0.078865,0.970869,0.146746,0.96323,0.001,5.83
CharTransformer,123,24,0.073749,0.972905,0.141982,0.965002,0.0005,5.57
CharTransformer,123,25,0.06871,0.974777,0.141466,0.965819,0.0005,5.85
CharTransformer,123,26,0.072153,0.973042,0.150081,0.963474,0.0005,5.83
CharTransformer,123,27,0.060741,0.978357,0.143265,0.965437,0.00025,5.49
CharTransformer,123,28,0.0649,0.975377,0.145178,0.965321,0.00025,5.75
CharTransformer,123,29,0.057985,0.978939,0.145069,0.965778,0.00025,5.88
CharTransformer,123,30,0.05585,0.980561,0.152637,0.965762,0.000125,5.78
CharTransformer,123,31,0.056552,0.979565,0.151235,0.965244,0.000125,5.7
CharTransformer,2024,1,0.283634,0.883487,0.315018,0.897644,0.001,5.79
CharTransformer,2024,2,0.206148,0.919354,0.245745,0.927665,0.001,5.81
CharTransformer,2024,3,0.175942,0.934162,0.226542,0.935694,0.001,5.92
CharTransformer,2024,4,0.154471,0.94197,0.201473,0.942832,0.001,5.73
CharTransformer,2024,5,0.139066,0.947252,0.18478,0.948489,0.001,5.68
CharTransformer,2024,6,0.143011,0.943454,0.177227,0.949077,0.001,5.84
CharTransformer,2024,7,0.131545,0.94945,0.169828,0.953915,0.001,5.8
CharTransformer,2024,8,0.131881,0.948354,0.171668,0.952056,0.001,5.9
CharTransformer,2024,9,0.112123,0.956752,0.151421,0.959498,0.001,5.74
CharTransformer,2024,10,0.110436,0.959884,0.15813,0.957765,0.001,5.63
CharTransformer,2024,11,0.116642,0.954592,0.160056,0.954888,0.001,5.66
CharTransformer,2024,12,0.102268,0.960027,0.144463,0.960509,0.001,5.77
CharTransformer,2024,13,0.096631,0.96447,0.15222,0.962122,0.001,5.68
CharTransformer,2024,14,0.097497,0.963657,0.149664,0.960841,0.001,5.96
CharTransformer,2024,15,0.092767,0.965428,0.147802,0.961283,0.001,5.89
CharTransformer,2024,16,0.083412,0.971469,0.159401,0.963173,0.0005,5.74
CharTransformer,2024,17,0.080561,0.969754,0.139945,0.965265,0.0005,5.72
CharTransformer,2024,18,0.075067,0.972347,0.140491,0.965551,0.0005,5.92
CharTransformer,2024,19,0.076926,0.971083,0.139901,0.964561,0.0005,5.62
CharTransformer,2024,20,0.071944,0.973005,0.140534,0.965101,0.0005,5.93
CharTransformer,2024,21,0.068834,0.975091,0.147601,0.966101,0.0005,5.75
CharTransformer,2024,22,0.071856,0.972864,0.143843,0.964473,0.0005,5.85
CharTransformer,2024,23,0.06413,0.977112,0.149356,0.965061,0.00025,5.79
CharTransformer,2024,24,0.063903,0.976569,0.143608,0.966673,0.00025,5.8
CharTransformer,2024,25,0.060688,0.978313,0.146238,0.96681,0.00025,5.9
CharTransformer,2024,26,0.060404,0.977846,0.147161,0.96635,0.000125,5.86
CharTransformer,2024,27,0.057426,0.979439,0.144614,0.966986,0.000125,6.02
CharTransformer,2024,28,0.058288,0.978968,0.148882,0.966457,0.000125,5.83
CharTransformer,2024,29,0.056394,0.979934,0.150295,0.966787,6.25e-05,5.86
CharTransformer,2024,30,0.055757,0.980127,0.149443,0.966874,6.25e-05,5.8
CharTransformer,2024,31,0.055366,0.98029,0.15237,0.966752,6.25e-05,5.75
CharTransformer,2024,32,0.05445,0.980575,0.151263,0.966866,3.125e-05,5.9
CharTransformer,2024,33,0.053933,0.98099,0.152783,0.966901,3.125e-05,5.73
CharTransformer,777,1,0.295528,0.878613,0.321884,0.894041,0.001,5.95
CharTransformer,777,2,0.222506,0.908487,0.248351,0.917669,0.001,5.52
CharTransformer,777,3,0.191056,0.923312,0.217672,0.932811,0.001,5.62
CharTransformer,777,4,0.168873,0.932409,0.197747,0.939561,0.001,5.55
CharTransformer,777,5,0.159302,0.936518,0.196652,0.940971,0.001,6.06
CharTransformer,777,6,0.138991,0.946563,0.181067,0.949196,0.001,5.68
CharTransformer,777,7,0.129101,0.951101,0.175967,0.950685,0.001,5.83
CharTransformer,777,8,0.127881,0.950256,0.167542,0.952312,0.001,5.83
CharTransformer,777,9,0.130834,0.947776,0.166814,0.950225,0.001,5.9
CharTransformer,777,10,0.112005,0.959353,0.170276,0.956997,0.001,7.38
CharTransformer,777,11,0.110025,0.960826,0.17484,0.95468,0.001,5.32
CharTransformer,777,12,0.103206,0.96183,0.154186,0.958344,0.001,5.56
CharTransformer,777,13,0.103944,0.961759,0.16092,0.959379,0.001,6.0
CharTransformer,777,14,0.099028,0.963665,0.155939,0.961705,0.001,5.83
CharTransformer,777,15,0.099914,0.961515,0.153704,0.95738,0.001,5.4
CharTransformer,777,16,0.092176,0.965659,0.146637,0.961966,0.001,5.46
CharTransformer,777,17,0.090581,0.965491,0.140527,0.961993,0.001,5.64
CharTransformer,777,18,0.08857,0.966752,0.142793,0.961956,0.001,6.14
CharTransformer,777,19,0.085139,0.969268,0.146428,0.963567,0.001,5.5
CharTransformer,777,20,0.086712,0.967581,0.146985,0.962161,0.001,5.42
CharTransformer,777,21,0.078481,0.971454,0.150887,0.963677,0.0005,5.43
CharTransformer,777,22,0.072711,0.973794,0.144109,0.964953,0.0005,5.3
CharTransformer,777,23,0.073071,0.97224,0.141758,0.964468,0.0005,5.22
CharTransformer,777,24,0.070467,0.973907,0.144814,0.964875,0.00025,5.33
CharTransformer,777,25,0.066892,0.975394,0.143533,0.965421,0.00025,5.3
CharTransformer,777,26,0.065171,0.976119,0.147126,0.965084,0.00025,5.49
CharTransformer,777,27,0.062896,0.977633,0.151047,0.965786,0.000125,5.35
CharTransformer,777,28,0.061448,0.977851,0.146656,0.966236,0.000125,5.79
CharTransformer,777,29,0.061771,0.977049,0.145664,0.964935,0.000125,5.68
CharTransformer,777,30,0.057901,0.979406,0.150317,0.966296,6.25e-05,5.53
CharTransformer,777,31,0.05717,0.979308,0.14696,0.967029,6.25e-05,5.51
CharTransformer,777,32,0.056004,0.980381,0.149801,0.967256,6.25e-05,5.52
CharTransformer,777,33,0.056522,0.979964,0.14908,0.966626,3.125e-05,5.46
CharTransformer,777,34,0.056398,0.979946,0.14923,0.966587,3.125e-05,5.55
CharTransformer,777,35,0.056312,0.979916,0.149783,0.966359,3.125e-05,5.47
CharTransformer,777,36,0.055999,0.980066,0.150504,0.966414,1.5625e-05,5.44
CharTransformer,777,37,0.055853,0.980197,0.150366,0.966481,1.5625e-05,5.31
CharTransformer,777,38,0.055375,0.980413,0.150262,0.966213,1.5625e-05,5.3
WordBiRNN,42,1,0.359972,0.832332,0.349475,0.869709,0.001,3.14
WordBiRNN,42,2,0.241813,0.887835,0.253592,0.907728,0.001,3.26
WordBiRNN,42,3,0.185288,0.913843,0.213099,0.923532,0.001,3.21
WordBiRNN,42,4,0.154981,0.929789,0.210307,0.927952,0.001,3.17
WordBiRNN,42,5,0.130851,0.937115,0.18755,0.936524,0.001,3.1
WordBiRNN,42,6,0.114417,0.944464,0.180633,0.939884,0.001,3.18
WordBiRNN,42,7,0.10301,0.953687,0.190209,0.936127,0.001,3.13
WordBiRNN,42,8,0.093001,0.952646,0.187022,0.941269,0.001,3.09
WordBiRNN,42,9,0.086634,0.955586,0.189994,0.94171,0.001,3.05
WordBiRNN,42,10,0.081726,0.957662,0.19762,0.941644,0.0005,3.34
WordBiRNN,42,11,0.08037,0.960281,0.207625,0.938065,0.0005,3.09
WordBiRNN,42,12,0.076695,0.959115,0.202314,0.941739,0.0005,2.99
WordBiRNN,42,13,0.07418,0.959954,0.209137,0.94107,0.00025,3.05
WordBiRNN,42,14,0.072853,0.960295,0.210662,0.940899,0.00025,3.2
WordBiRNN,42,15,0.071893,0.962586,0.217349,0.938808,0.00025,3.07
WordBiRNN,42,16,0.070987,0.960845,0.216596,0.940123,0.000125,2.91
WordBiRNN,42,17,0.070154,0.961419,0.222046,0.940406,0.000125,3.21
WordBiRNN,42,18,0.069484,0.961604,0.224746,0.940028,0.000125,3.11
WordBiRNN,7,1,0.360599,0.833288,0.351065,0.870278,0.001,3.17
WordBiRNN,7,2,0.245053,0.88821,0.259037,0.904012,0.001,3.3
WordBiRNN,7,3,0.192033,0.910261,0.213836,0.921965,0.001,3.04
WordBiRNN,7,4,0.155818,0.929039,0.199717,0.925331,0.001,3.07
WordBiRNN,7,5,0.131545,0.937343,0.190611,0.934222,0.001,3.12
WordBiRNN,7,6,0.116311,0.943299,0.183387,0.937,0.001,3.09
WordBiRNN,7,7,0.102911,0.948826,0.188759,0.937542,0.001,3.0
WordBiRNN,7,8,0.093941,0.954795,0.196361,0.935736,0.001,3.16
WordBiRNN,7,9,0.087764,0.95486,0.189032,0.939755,0.001,2.98
WordBiRNN,7,10,0.080986,0.957914,0.197691,0.940268,0.0005,3.14
WordBiRNN,7,11,0.079296,0.958266,0.201953,0.940002,0.0005,2.92
WordBiRNN,7,12,0.076111,0.963773,0.213582,0.935827,0.0005,2.99
WordBiRNN,7,13,0.076267,0.959415,0.204607,0.939766,0.00025,3.2
WordBiRNN,7,14,0.071854,0.961048,0.215437,0.940182,0.00025,3.17
WordBiRNN,7,15,0.07064,0.961182,0.215664,0.93981,0.00025,2.94
WordBiRNN,7,16,0.069663,0.961864,0.220513,0.940081,0.000125,2.98
WordBiRNN,123,1,0.357063,0.834031,0.349516,0.870598,0.001,2.88
WordBiRNN,123,2,0.241589,0.88967,0.256776,0.909896,0.001,3.0
WordBiRNN,123,3,0.187915,0.913726,0.221038,0.923086,0.001,2.98
WordBiRNN,123,4,0.154278,0.927266,0.19984,0.93051,0.001,3.0
WordBiRNN,123,5,0.132539,0.937495,0.192348,0.932794,0.001,2.92
WordBiRNN,123,6,0.117136,0.947834,0.202137,0.931377,0.001,2.96
WordBiRNN,123,7,0.106928,0.947829,0.189609,0.936838,0.001,3.11
WordBiRNN,123,8,0.09561,0.956248,0.200986,0.933744,0.001,2.93
WordBiRNN,123,9,0.089669,0.953702,0.194598,0.938392,0.001,3.08
WordBiRNN,123,10,0.081242,0.957162,0.20426,0.937992,0.001,3.09
WordBiRNN,123,11,0.077215,0.96102,0.219981,0.936821,0.0005,3.09
WordBiRNN,123,12,0.074781,0.961716,0.220198,0.936388,0.0005,2.99
WordBiRNN,123,13,0.0724,0.960196,0.222143,0.938381,0.0005,3.14
WordBiRNN,123,14,0.070435,0.962707,0.23194,0.936383,0.00025,3.08
WordBiRNN,123,15,0.068844,0.961325,0.230533,0.938568,0.00025,2.97
WordBiRNN,123,16,0.067934,0.961821,0.238356,0.938471,0.00025,3.09
WordBiRNN,123,17,0.067088,0.962053,0.239403,0.938209,0.000125,3.05
WordBiRNN,123,18,0.06717,0.961962,0.23918,0.938736,0.000125,3.18
WordBiRNN,123,19,0.066328,0.962224,0.243489,0.938575,0.000125,2.89
WordBiRNN,123,20,0.06575,0.962267,0.244817,0.938553,6.25e-05,3.18
WordBiRNN,123,21,0.065521,0.962447,0.249139,0.9383,6.25e-05,3.25
WordBiRNN,123,22,0.065286,0.962866,0.251382,0.938488,6.25e-05,3.12
WordBiRNN,123,23,0.065004,0.962515,0.249797,0.938337,3.125e-05,3.05
WordBiRNN,123,24,0.064885,0.96264,0.251538,0.938493,3.125e-05,3.18
WordBiRNN,2024,1,0.349408,0.837067,0.341731,0.877187,0.001,3.13
WordBiRNN,2024,2,0.235663,0.890757,0.249323,0.912526,0.001,3.19
WordBiRNN,2024,3,0.183922,0.914703,0.215846,0.926,0.001,3.03
WordBiRNN,2024,4,0.153874,0.927222,0.197047,0.932471,0.001,3.07
WordBiRNN,2024,5,0.130089,0.941713,0.197019,0.931318,0.001,3.15
WordBiRNN,2024,6,0.116323,0.947288,0.199615,0.932854,0.001,3.21
WordBiRNN,2024,7,0.102352,0.949448,0.189793,0.938583,0.001,3.13
WordBiRNN,2024,8,0.093583,0.95259,0.187667,0.941191,0.001,3.0
WordBiRNN,2024,9,0.088246,0.955708,0.192728,0.939958,0.001,3.06
WordBiRNN,2024,10,0.081388,0.957052,0.194209,0.943189,0.001,3.04
WordBiRNN,2024,11,0.079511,0.956957,0.195841,0.940079,0.001,3.15
WordBiRNN,2024,12,0.076404,0.9634,0.226213,0.937453,0.0005,3.04
WordBiRNN,2024,13,0.072223,0.959863,0.21343,0.941319,0.0005,3.03
WordBiRNN,2024,14,0.070456,0.960538,0.216456,0.941916,0.0005,3.27
WordBiRNN,2024,15,0.068172,0.961375,0.225473,0.941739,0.00025,3.15
WordBiRNN,2024,16,0.06817,0.961378,0.226042,0.941567,0.00025,3.19
WordBiRNN,777,1,0.356569,0.833649,0.353878,0.867918,0.001,3.1
WordBiRNN,777,2,0.241651,0.888522,0.255667,0.909705,0.001,3.18
WordBiRNN,777,3,0.186792,0.913333,0.217332,0.925225,0.001,3.81
WordBiRNN,777,4,0.153864,0.928365,0.204484,0.929863,0.001,3.3
WordBiRNN,777,5,0.132452,0.937021,0.193977,0.934289,0.001,2.74
WordBiRNN,777,6,0.116426,0.943174,0.187464,0.937053,0.001,3.14
WordBiRNN,777,7,0.10356,0.948458,0.186224,0.939027,0.001,3.14
WordBiRNN,777,8,0.093739,0.952162,0.191718,0.940246,0.001,3.04
WordBiRNN,777,9,0.09352,0.95908,0.21881,0.936235,0.001,3.15
WordBiRNN,777,10,0.082951,0.95685,0.197083,0.941325,0.001,3.14
WordBiRNN,777,11,0.077286,0.959125,0.217855,0.942309,0.0005,3.15
WordBiRNN,777,12,0.074707,0.963452,0.223539,0.938288,0.0005,2.96
WordBiRNN,777,13,0.072196,0.962334,0.224524,0.93875,0.0005,3.01
WordBiRNN,777,14,0.070647,0.96059,0.225881,0.941468,0.00025,2.94
WordBiRNN,777,15,0.068703,0.961671,0.236147,0.940998,0.00025,2.96
WordBiRNN,777,16,0.067619,0.961672,0.233819,0.940458,0.00025,2.97
WordBiRNN,777,17,0.067022,0.963967,0.240996,0.939033,0.000125,3.03
WordBiLSTM,42,1,0.27921,0.8728,0.276221,0.897195,0.001,3.12
WordBiLSTM,42,2,0.192352,0.911188,0.208407,0.925495,0.001,3.2
WordBiLSTM,42,3,0.149251,0.930625,0.186113,0.935614,0.001,3.24
WordBiLSTM,42,4,0.128106,0.944222,0.198725,0.934109,0.001,3.11
WordBiLSTM,42,5,0.107702,0.947159,0.18065,0.940212,0.001,3.17
WordBiLSTM,42,6,0.094691,0.952898,0.183993,0.942301,0.001,3.13
WordBiLSTM,42,7,0.087445,0.959835,0.204193,0.937476,0.001,3.09
WordBiLSTM,42,8,0.079048,0.957754,0.198172,0.940678,0.001,3.12
WordBiLSTM,42,9,0.072322,0.960262,0.205996,0.94129,0.0005,3.14
WordBiLSTM,42,10,0.069147,0.961549,0.219589,0.940327,0.0005,3.11
WordBiLSTM,42,11,0.068527,0.966466,0.235152,0.937946,0.0005,3.24
WordBiLSTM,42,12,0.06464,0.965259,0.23949,0.939261,0.00025,3.42
WordBiLSTM,7,1,0.281091,0.869784,0.273362,0.900693,0.001,3.53
WordBiLSTM,7,2,0.191275,0.912744,0.215987,0.924235,0.001,3.27
WordBiLSTM,7,3,0.153068,0.928645,0.19154,0.929633,0.001,3.16
WordBiLSTM,7,4,0.124132,0.945329,0.190534,0.93314,0.001,3.14
WordBiLSTM,7,5,0.105081,0.948995,0.179113,0.938931,0.001,3.09
WordBiLSTM,7,6,0.093721,0.95315,0.184376,0.940042,0.001,3.51
WordBiLSTM,7,7,0.083938,0.956848,0.19874,0.939871,0.001,3.23
WordBiLSTM,7,8,0.078129,0.960744,0.215403,0.937919,0.001,3.2
WordBiLSTM,7,9,0.070957,0.96082,0.216678,0.940614,0.0005,3.09
WordBiLSTM,7,10,0.067839,0.962202,0.229127,0.939468,0.0005,3.14
WordBiLSTM,7,11,0.065541,0.962677,0.235084,0.940549,0.0005,3.28
WordBiLSTM,7,12,0.063671,0.967226,0.259615,0.935405,0.00025,3.19
WordBiLSTM,7,13,0.064535,0.962614,0.251385,0.940488,0.00025,3.11
WordBiLSTM,7,14,0.060394,0.964172,0.269347,0.93851,0.00025,3.26
WordBiLSTM,7,15,0.059323,0.964389,0.27678,0.938684,0.000125,3.16
WordBiLSTM,123,1,0.281305,0.869067,0.268499,0.901896,0.001,3.33
WordBiLSTM,123,2,0.192397,0.911705,0.212169,0.924216,0.001,3.33
WordBiLSTM,123,3,0.151063,0.929571,0.194724,0.931284,0.001,3.22
WordBiLSTM,123,4,0.125462,0.9409,0.184614,0.937232,0.001,3.25
WordBiLSTM,123,5,0.108714,0.947901,0.184888,0.938916,0.001,3.33
WordBiLSTM,123,6,0.098654,0.955767,0.207767,0.935445,0.001,3.17
WordBiLSTM,123,7,0.090318,0.953716,0.18673,0.939591,0.001,3.22
WordBiLSTM,123,8,0.079837,0.958168,0.207045,0.940044,0.0005,3.32
WordBiLSTM,123,9,0.07675,0.957992,0.200054,0.940694,0.0005,3.31
WordBiLSTM,123,10,0.072947,0.962529,0.21183,0.939686,0.0005,3.04
WordBiLSTM,123,11,0.069906,0.961303,0.221897,0.940576,0.00025,3.18
WordBiLSTM,123,12,0.068522,0.963681,0.227588,0.937809,0.00025,3.21
WordBiLSTM,123,13,0.066837,0.961975,0.228703,0.94032,0.00025,3.8
WordBiLSTM,123,14,0.065572,0.962324,0.230545,0.940734,0.000125,3.19
WordBiLSTM,123,15,0.064805,0.962522,0.232395,0.939936,0.000125,3.29
WordBiLSTM,123,16,0.064099,0.962964,0.238321,0.939812,0.000125,3.24
WordBiLSTM,123,17,0.063552,0.962935,0.241352,0.939834,6.25e-05,3.17
WordBiLSTM,123,18,0.063197,0.96286,0.240259,0.940143,6.25e-05,3.31
WordBiLSTM,123,19,0.063038,0.962893,0.241755,0.939701,6.25e-05,3.28
WordBiLSTM,123,20,0.06256,0.963047,0.243383,0.940292,3.125e-05,3.16
WordBiLSTM,2024,1,0.277331,0.872953,0.279179,0.901909,0.001,3.22
WordBiLSTM,2024,2,0.191413,0.911164,0.214685,0.923188,0.001,3.17
WordBiLSTM,2024,3,0.150277,0.930867,0.195177,0.931987,0.001,3.3
WordBiLSTM,2024,4,0.128946,0.938437,0.183051,0.935789,0.001,3.24
WordBiLSTM,2024,5,0.108263,0.94952,0.187389,0.937428,0.001,3.13
WordBiLSTM,2024,6,0.095757,0.952273,0.193363,0.938201,0.001,3.18
WordBiLSTM,2024,7,0.086578,0.9587,0.19459,0.937496,0.001,3.32
WordBiLSTM,2024,8,0.079132,0.958376,0.200843,0.94149,0.0005,3.64
WordBiLSTM,2024,9,0.075125,0.959327,0.209984,0.940428,0.0005,3.21
WordBiLSTM,2024,10,0.072535,0.96,0.209329,0.940885,0.0005,3.04
WordBiLSTM,2024,11,0.069186,0.961098,0.218881,0.941176,0.00025,3.11
WordBiLSTM,2024,12,0.06958,0.965838,0.241868,0.937066,0.00025,3.17
WordBiLSTM,2024,13,0.06636,0.961723,0.227023,0.941233,0.00025,3.15
WordBiLSTM,2024,14,0.06478,0.962733,0.23696,0.940984,0.000125,3.15
WordBiLSTM,777,1,0.278124,0.871991,0.276875,0.901422,0.001,3.02
WordBiLSTM,777,2,0.192355,0.911292,0.213961,0.925438,0.001,3.11
WordBiLSTM,777,3,0.150164,0.932985,0.198828,0.931503,0.001,3.09
WordBiLSTM,777,4,0.125082,0.941842,0.197149,0.93686,0.001,3.1
WordBiLSTM,777,5,0.11041,0.949297,0.196754,0.936331,0.001,2.99
WordBiLSTM,777,6,0.095346,0.951906,0.187766,0.940964,0.001,3.11
WordBiLSTM,777,7,0.085335,0.955869,0.19589,0.942443,0.001,3.08
WordBiLSTM,777,8,0.077854,0.958432,0.207653,0.941733,0.001,3.04
WordBiLSTM,777,9,0.078063,0.963426,0.239368,0.93531,0.001,3.21
WordBiLSTM,777,10,0.067711,0.961468,0.227831,0.941837,0.0005,3.14
WordBiLSTM,777,11,0.065489,0.964802,0.255982,0.938135,0.0005,3.08
WordBiLSTM,777,12,0.063424,0.967738,0.26005,0.937559,0.0005,3.08
WordBiLSTM,777,13,0.06003,0.964423,0.266136,0.940708,0.00025,3.21
WordBiGRU,42,1,0.291521,0.86519,0.290991,0.895713,0.001,3.14
WordBiGRU,42,2,0.202627,0.906337,0.216376,0.921809,0.001,3.31
WordBiGRU,42,3,0.157941,0.926617,0.192364,0.931917,0.001,3.21
WordBiGRU,42,4,0.132051,0.940535,0.198966,0.933065,0.001,3.21
WordBiGRU,42,5,0.112788,0.945117,0.187567,0.938352,0.001,3.42
WordBiGRU,42,6,0.099639,0.95057,0.188598,0.939359,0.001,3.23
WordBiGRU,42,7,0.090773,0.958376,0.208836,0.934628,0.001,3.26
WordBiGRU,42,8,0.082566,0.956624,0.202547,0.939359,0.001,3.14
WordBiGRU,42,9,0.074761,0.959878,0.217414,0.939453,0.0005,3.41
WordBiGRU,42,10,0.07191,0.960763,0.229465,0.939315,0.0005,3.53
WordBiGRU,42,11,0.070522,0.963719,0.245183,0.936442,0.0005,3.35
WordBiGRU,42,12,0.067271,0.966457,0.253401,0.934905,0.00025,3.19
WordBiGRU,42,13,0.06471,0.962999,0.250459,0.938888,0.00025,3.34
WordBiGRU,42,14,0.063737,0.963178,0.25849,0.939324,0.00025,3.2
WordBiGRU,42,15,0.062464,0.963529,0.262149,0.93926,0.000125,3.85
WordBiGRU,7,1,0.294289,0.864223,0.288128,0.89656,0.001,3.25
WordBiGRU,7,2,0.203245,0.907023,0.224194,0.918105,0.001,3.26
WordBiGRU,7,3,0.162624,0.924337,0.19791,0.927758,0.001,3.23
WordBiGRU,7,4,0.132604,0.940551,0.192612,0.93056,0.001,3.18
WordBiGRU,7,5,0.1125,0.946362,0.188141,0.936538,0.001,3.17
WordBiGRU,7,6,0.098569,0.951194,0.186718,0.938628,0.001,3.19
WordBiGRU,7,7,0.089346,0.956303,0.198947,0.936828,0.001,3.23
WordBiGRU,7,8,0.081977,0.957472,0.212511,0.93855,0.001,3.18
WordBiGRU,7,9,0.075656,0.958809,0.212046,0.939235,0.001,3.27
WordBiGRU,7,10,0.069,0.961523,0.22972,0.939092,0.0005,3.21
WordBiGRU,7,11,0.066509,0.961922,0.238018,0.939033,0.0005,3.18
WordBiGRU,7,12,0.065391,0.966504,0.257963,0.935065,0.0005,3.33
WordBiGRU,7,13,0.064138,0.962573,0.255638,0.939133,0.00025,3.29
WordBiGRU,7,14,0.060858,0.96385,0.270404,0.938308,0.00025,3.34
WordBiGRU,7,15,0.059878,0.964044,0.277754,0.937636,0.00025,3.29
WordBiGRU,123,1,0.296434,0.862274,0.285264,0.894127,0.001,3.36
WordBiGRU,123,2,0.20232,0.908658,0.226175,0.918865,0.001,3.37
WordBiGRU,123,3,0.159354,0.925647,0.198972,0.929883,0.001,3.66
WordBiGRU,123,4,0.132126,0.936718,0.188723,0.934586,0.001,3.23
WordBiGRU,123,5,0.113182,0.945617,0.191537,0.935919,0.001,3.32
WordBiGRU,123,6,0.101145,0.95253,0.203606,0.935528,0.001,3.32
WordBiGRU,123,7,0.093644,0.952708,0.194219,0.938379,0.001,3.35
WordBiGRU,123,8,0.082704,0.957287,0.21197,0.939054,0.0005,3.17
WordBiGRU,123,9,0.078451,0.957962,0.209451,0.939695,0.0005,3.43
WordBiGRU,123,10,0.074345,0.960228,0.224727,0.938911,0.0005,3.4
WordBiGRU,123,11,0.071183,0.961143,0.230497,0.939623,0.00025,3.33
WordBiGRU,123,12,0.069453,0.961648,0.238451,0.939109,0.00025,3.76
WordBiGRU,123,13,0.068042,0.961613,0.241695,0.939383,0.00025,3.51
WordBiGRU,123,14,0.06658,0.962267,0.244251,0.939346,0.000125,3.55
WordBiGRU,123,15,0.065815,0.962081,0.248769,0.939212,0.000125,3.2
WordBiGRU,2024,1,0.290493,0.864635,0.288425,0.89791,0.001,3.85
WordBiGRU,2024,2,0.201781,0.905447,0.219646,0.922079,0.001,3.29
WordBiGRU,2024,3,0.158016,0.926433,0.202176,0.929635,0.001,3.55
WordBiGRU,2024,4,0.133991,0.936214,0.187093,0.934736,0.001,3.57
WordBiGRU,2024,5,0.114359,0.947864,0.193888,0.934641,0.001,3.45
WordBiGRU,2024,6,0.102284,0.95084,0.199228,0.936478,0.001,4.05
WordBiGRU,2024,7,0.090522,0.953581,0.197341,0.93883,0.001,3.42
WordBiGRU,2024,8,0.083775,0.956544,0.210604,0.941119,0.0005,3.34
WordBiGRU,2024,9,0.079203,0.957865,0.21963,0.939649,0.0005,3.3
WordBiGRU,2024,10,0.07601,0.958689,0.218941,0.941084,0.0005,3.84
WordBiGRU,2024,11,0.072743,0.959839,0.226428,0.940302,0.00025,3.45
WordBiGRU,2024,12,0.07113,0.964437,0.242361,0.937716,0.00025,3.4
WordBiGRU,2024,13,0.069797,0.960465,0.235807,0.940878,0.00025,3.81
WordBiGRU,2024,14,0.067843,0.961481,0.246646,0.941069,0.000125,3.53
WordBiGRU,777,1,0.291227,0.865202,0.286422,0.896718,0.001,3.39
WordBiGRU,777,2,0.202671,0.906128,0.217825,0.921687,0.001,3.41
WordBiGRU,777,3,0.158554,0.929798,0.204443,0.926734,0.001,3.29
WordBiGRU,777,4,0.132198,0.938615,0.198582,0.935587,0.001,3.28
WordBiGRU,777,5,0.114704,0.947383,0.198998,0.934957,0.001,3.21
WordBiGRU,777,6,0.100824,0.94975,0.191994,0.939241,0.001,3.2
WordBiGRU,777,7,0.090844,0.953748,0.197718,0.94009,0.001,3.26
WordBiGRU,777,8,0.082645,0.956319,0.20638,0.939317,0.001,3.1
WordBiGRU,777,9,0.079708,0.96295,0.227789,0.936095,0.001,3.28
WordBiGRU,777,10,0.071503,0.960192,0.22245,0.940765,0.0005,3.57
WordBiGRU,777,11,0.068668,0.963495,0.245493,0.937676,0.0005,3.26
WordBiGRU,777,12,0.066201,0.966637,0.251397,0.935893,0.0005,3.2
WordBiGRU,777,13,0.063221,0.963542,0.256419,0.939606,0.00025,3.49
WordBiGRU,777,14,0.06248,0.96306,0.258419,0.939277,0.00025,3.27
WordBiGRU,777,15,0.060817,0.964114,0.275293,0.937789,0.00025,3.17
WordBiGRU,777,16,0.060239,0.96383,0.268885,0.939203,0.000125,3.21
WordTransformer,42,1,0.252809,0.88346,0.266792,0.905168,0.001,3.4
WordTransformer,42,2,0.174797,0.914757,0.204738,0.926187,0.001,4.27
WordTransformer,42,3,0.141328,0.929913,0.180409,0.934922,0.001,4.02
WordTransformer,42,4,0.1153,0.943966,0.185506,0.939159,0.001,4.0
WordTransformer,42,5,0.106257,0.946901,0.183831,0.940573,0.001,4.07
WordTransformer,42,6,0.100276,0.952042,0.19962,0.938645,0.001,3.91
WordTransformer,42,7,0.081686,0.956466,0.199374,0.942866,0.0005,3.74
WordTransformer,42,8,0.077426,0.957908,0.215712,0.941069,0.0005,3.76
WordTransformer,42,9,0.075835,0.958061,0.199147,0.941553,0.0005,4.09
WordTransformer,42,10,0.069972,0.960304,0.225028,0.943309,0.00025,4.0
WordTransformer,42,11,0.067816,0.960922,0.227262,0.941946,0.00025,3.88
WordTransformer,42,12,0.066805,0.961287,0.241636,0.942653,0.00025,3.86
WordTransformer,42,13,0.065055,0.961401,0.235375,0.942954,0.000125,3.91
WordTransformer,42,14,0.063543,0.962357,0.245254,0.94241,0.000125,3.94
WordTransformer,42,15,0.062946,0.961994,0.24911,0.942347,0.000125,3.86
WordTransformer,42,16,0.062274,0.962289,0.251346,0.942021,6.25e-05,4.16
WordTransformer,7,1,0.251542,0.879969,0.257922,0.906205,0.001,3.95
WordTransformer,7,2,0.16873,0.922803,0.205284,0.927148,0.001,4.05
WordTransformer,7,3,0.137086,0.932389,0.180777,0.936618,0.001,4.0
WordTransformer,7,4,0.116075,0.947324,0.180094,0.935435,0.001,3.8
WordTransformer,7,5,0.102721,0.948032,0.183075,0.941602,0.001,3.9
WordTransformer,7,6,0.095543,0.954886,0.181504,0.939328,0.001,4.09
WordTransformer,7,7,0.08756,0.954816,0.192685,0.941634,0.001,4.14
WordTransformer,7,8,0.077654,0.95779,0.197771,0.943337,0.0005,3.77
WordTransformer,7,9,0.073641,0.958512,0.214635,0.943918,0.0005,4.11
WordTransformer,7,10,0.072239,0.958664,0.212333,0.943627,0.0005,4.12
WordTransformer,7,11,0.066301,0.961514,0.22618,0.943981,0.00025,4.12
WordTransformer,7,12,0.064379,0.962228,0.243766,0.944222,0.00025,4.0
WordTransformer,7,13,0.06427,0.961636,0.228066,0.943933,0.00025,4.27
WordTransformer,7,14,0.061632,0.962453,0.248089,0.943656,0.000125,4.31
WordTransformer,7,15,0.06064,0.963215,0.246046,0.943808,0.000125,3.95
WordTransformer,7,16,0.059878,0.963717,0.273869,0.943833,0.000125,3.81
WordTransformer,7,17,0.059284,0.963902,0.27713,0.943665,6.25e-05,3.9
WordTransformer,7,18,0.058985,0.963528,0.265835,0.943803,6.25e-05,3.83
WordTransformer,123,1,0.258169,0.879748,0.259593,0.904722,0.001,4.18
WordTransformer,123,2,0.170869,0.921639,0.214574,0.926391,0.001,4.54
WordTransformer,123,3,0.144365,0.927852,0.179642,0.93433,0.001,4.03
WordTransformer,123,4,0.119139,0.941788,0.180134,0.938401,0.001,4.12
WordTransformer,123,5,0.109444,0.945523,0.180458,0.93976,0.001,4.08
WordTransformer,123,6,0.094858,0.954966,0.193763,0.938711,0.001,4.42
WordTransformer,123,7,0.087965,0.952657,0.185045,0.942303,0.0005,4.07
WordTransformer,123,8,0.078751,0.957877,0.204088,0.941184,0.0005,4.19
WordTransformer,123,9,0.074864,0.958911,0.21291,0.942452,0.0005,4.27
WordTransformer,123,10,0.0705,0.960823,0.212396,0.942157,0.00025,4.17
WordTransformer,123,11,0.067945,0.96082,0.233991,0.94257,0.00025,4.07
WordTransformer,123,12,0.066239,0.961674,0.234705,0.941955,0.00025,4.08
WordTransformer,123,13,0.063875,0.962397,0.252994,0.94157,0.000125,4.05
WordTransformer,123,14,0.063122,0.962398,0.253439,0.942788,0.000125,3.89
WordTransformer,123,15,0.061576,0.963032,0.255567,0.942511,0.000125,4.36
WordTransformer,123,16,0.060973,0.962911,0.256167,0.94325,6.25e-05,4.28
WordTransformer,123,17,0.060413,0.963325,0.260688,0.942682,6.25e-05,3.77
WordTransformer,123,18,0.059745,0.963365,0.26834,0.9428,6.25e-05,3.79
WordTransformer,123,19,0.059479,0.963496,0.267562,0.94312,3.125e-05,4.04
WordTransformer,123,20,0.059221,0.963547,0.271636,0.942544,3.125e-05,4.09
WordTransformer,123,21,0.058909,0.963586,0.271702,0.942345,3.125e-05,3.94
WordTransformer,123,22,0.058737,0.963701,0.278503,0.942161,1.5625e-05,4.33
WordTransformer,2024,1,0.252089,0.883186,0.285825,0.901908,0.001,4.02
WordTransformer,2024,2,0.168843,0.918302,0.202193,0.927929,0.001,4.06
WordTransformer,2024,3,0.147811,0.933195,0.207748,0.930716,0.001,4.1
WordTransformer,2024,4,0.116162,0.943287,0.185993,0.938812,0.001,3.88
WordTransformer,2024,5,0.101408,0.94842,0.186284,0.941127,0.001,3.83
WordTransformer,2024,6,0.093638,0.952462,0.183667,0.942545,0.001,3.95
WordTransformer,2024,7,0.089346,0.954217,0.181624,0.943087,0.001,4.17
WordTransformer,2024,8,0.085018,0.959374,0.18848,0.939682,0.001,3.85
WordTransformer,2024,9,0.080262,0.95694,0.206815,0.94134,0.001,3.99
WordTransformer,2024,10,0.076894,0.95741,0.195046,0.943383,0.001,4.06
WordTransformer,2024,11,0.068512,0.96087,0.227235,0.94267,0.0005,3.92
WordTransformer,2024,12,0.065134,0.961408,0.231851,0.942911,0.0005,3.86
WordTransformer,2024,13,0.06596,0.959786,0.23621,0.942099,0.0005,4.73
WordTransformer,2024,14,0.061377,0.962458,0.25219,0.943084,0.00025,4.01
WordTransformer,2024,15,0.060284,0.962933,0.238529,0.944107,0.00025,3.78
WordTransformer,2024,16,0.059659,0.962682,0.256216,0.943823,0.00025,4.05
WordTransformer,2024,17,0.058221,0.963963,0.263696,0.943067,0.000125,4.29
WordTransformer,2024,18,0.057714,0.96364,0.269265,0.943403,0.000125,3.94
WordTransformer,2024,19,0.056986,0.964213,0.291284,0.942055,0.000125,4.1
WordTransformer,2024,20,0.056439,0.964176,0.283722,0.943636,6.25e-05,4.51
WordTransformer,2024,21,0.056062,0.964317,0.285933,0.943515,6.25e-05,4.12
WordTransformer,777,1,0.253047,0.883279,0.27605,0.901538,0.001,4.12
WordTransformer,777,2,0.172868,0.916088,0.199794,0.92867,0.001,4.06
WordTransformer,777,3,0.147517,0.926608,0.185148,0.932889,0.001,3.91
WordTransformer,777,4,0.113887,0.945052,0.194578,0.93689,0.001,4.04
WordTransformer,777,5,0.103035,0.94878,0.181705,0.94057,0.001,4.15
WordTransformer,777,6,0.09733,0.948644,0.178004,0.942113,0.001,3.98
WordTransformer,777,7,0.088283,0.956253,0.194707,0.940313,0.001,4.12
WordTransformer,777,8,0.083563,0.955944,0.201347,0.940504,0.001,4.18
WordTransformer,777,9,0.079018,0.956996,0.204761,0.942881,0.001,4.18
WordTransformer,777,10,0.070358,0.96054,0.223716,0.942217,0.0005,4.04
WordTransformer,777,11,0.068225,0.961055,0.226026,0.940359,0.0005,3.92
WordTransformer,777,12,0.067453,0.961409,0.258617,0.939858,0.0005,4.11
WordTransformer,777,13,0.062521,0.962342,0.252966,0.942643,0.00025,3.96
WordTransformer,777,14,0.063795,0.961336,0.243611,0.942152,0.00025,3.96
WordTransformer,777,15,0.060366,0.963314,0.270469,0.941975,0.00025,4.28
