level,better,worse,f1_better,f1_worse,diff_pp,ci95_lo_pp,ci95_hi_pp,cohens_dz,p_raw,p_holm,separates,params_better,params_worse
character,CharBiLSTM,CharBiGRU,0.9675,0.9669,0.06,-0.039,0.158,0.75,0.16817743506971422,0.1943,False,114097,86065
character,CharBiLSTM,CharBiRNN,0.9675,0.9651,0.239,0.039,0.438,1.49,0.029305385603827085,0.1172,False,114097,30001
character,CharBiLSTM,CharTransformer,0.9675,0.9631,0.438,0.407,0.469,17.32,2.654110587019066e-06,0.0,True,114097,605953
character,CharBiGRU,CharBiRNN,0.9669,0.9651,0.179,-0.051,0.409,0.96,0.0971678394490785,0.1943,False,86065,30001
character,CharBiGRU,CharTransformer,0.9669,0.9631,0.378,0.302,0.454,6.17,0.00016032692312482557,0.0008,True,86065,605953
character,CharBiRNN,CharTransformer,0.9651,0.9631,0.199,-0.007,0.405,1.2,0.054927149892182545,0.1648,False,30001,605953
word,WordTransformer,WordBiLSTM,0.9423,0.9401,0.22,0.001,0.439,1.25,0.049246730976259624,0.2462,False,6126721,2544289
word,WordTransformer,WordBiGRU,0.9423,0.9393,0.297,0.041,0.552,1.44,0.0322598014822191,0.1936,False,6126721,2507041
word,WordTransformer,WordBiRNN,0.9423,0.9386,0.375,-0.022,0.773,1.17,0.058632115039772933,0.2462,False,6126721,2432545
word,WordBiLSTM,WordBiGRU,0.9401,0.9393,0.077,-0.031,0.184,0.88,0.11923528046477716,0.3577,False,2544289,2507041
word,WordBiLSTM,WordBiRNN,0.9401,0.9386,0.155,-0.1,0.411,0.76,0.1666045015740144,0.3577,False,2544289,2432545
word,WordBiGRU,WordBiRNN,0.9393,0.9386,0.079,-0.235,0.393,0.31,0.5245461722496778,0.5245,False,2507041,2432545
